,Res,Noise_Param,Scale_Param,Distances_Classic,CI_Distances_Classic,Distances_Noised,CI_Distances_Noised,Cumsum_Classic,Cumsum_Noised,Ratios_emd_cumsum,Ratios_EMD,Distances_Linear,Distances_Linear_Noised,Ratios_Linear
0,200.0,0.001,100.0,28.275342329660198,9.29648460850266e-16,28.29027461402341,0.0763126775932921,56.26793123602384,56.29764648190661,0.5025125628140701,0.9998957013660926,0.11926605413885935,0.12101815547764838,0.9856803853542452
1,200.0,0.0012067926406393288,100.0,28.275342329660198,9.29648460850266e-16,28.38520630881745,0.08922121074663895,56.26793123602384,56.48656055454674,0.5025125628140702,0.9967038884661429,0.11926605413885935,0.1215903579366285,0.9810961244475509
2,200.0,0.0014563484775012444,100.0,28.275342329660198,9.29648460850266e-16,28.335914173219813,0.10592951796796425,56.26793123602384,56.38846920470744,0.5025125628140702,0.9986739212409678,0.11926605413885935,0.12266007624621877,0.9725894791047069
3,200.0,0.0017575106248547913,100.0,28.275342329660198,9.29648460850266e-16,28.333963915639906,0.13468571154863165,56.26793123602384,56.384588192123424,0.5025125628140703,0.9992628273440192,0.11926605413885935,0.12424107215621265,0.9603653918050279
4,200.0,0.0021209508879201904,100.0,28.275342329660198,9.29648460850266e-16,28.38266852481559,0.145644686294368,56.26793123602384,56.481510364383034,0.5025125628140702,0.9977578251550427,0.11926605413885935,0.1265452202496821,0.9428854549071627
5,200.0,0.002559547922699536,100.0,28.275342329660198,9.29648460850266e-16,28.411493941104453,0.19257290995031118,56.26793123602384,56.53887294279787,0.5025125628140702,0.9979242458728516,0.11926605413885935,0.12983233603316305,0.9194725872295642
6,200.0,0.0030888435964774815,100.0,28.275342329660198,9.29648460850266e-16,28.547253857955628,0.22357830020387756,56.26793123602384,56.80903517733171,0.5025125628140703,0.9940340539992384,0.11926605413885935,0.13457569748336057,0.8872001247673242
7,200.0,0.003727593720314938,100.0,28.275342329660198,9.29648460850266e-16,28.53447160509105,0.28147176652751776,56.26793123602384,56.783598494131205,0.5025125628140702,0.9965733151154657,0.11926605413885935,0.14036297137008122,0.8508791854149901
8,200.0,0.004498432668969444,100.0,28.275342329660198,9.29648460850266e-16,28.408040726952212,0.33568372314442146,56.26793123602384,56.53200104663491,0.5025125628140703,1.0036099006511192,0.11926605413885935,0.1492134230089341,0.8005922786950621
9,200.0,0.005428675439323859,100.0,28.275342329660198,9.29648460850266e-16,28.494523237960273,0.40884440251110804,56.26793123602384,56.704101243540954,0.5025125628140703,1.0045705366730806,0.11926605413885935,0.1611172727481056,0.741537682812647
10,200.0,0.006551285568595509,100.0,28.275342329660198,9.29648460850266e-16,28.816932644691683,0.4511878130071437,56.26793123602384,57.34569596293647,0.5025125628140702,0.9957930448155914,0.11926605413885935,0.17748091294630639,0.6734313355496521
11,200.0,0.0079060432109077,100.0,28.275342329660198,9.29648460850266e-16,29.200763865275754,0.5500869415046583,56.26793123602384,58.109520091898766,0.5025125628140702,0.9888415190548329,0.11926605413885935,0.19754335126345407,0.6049562122003308
12,200.0,0.009540954763499945,100.0,28.275342329660198,9.29648460850266e-16,29.007199513993093,0.6347398212285946,56.26793123602384,57.724327032846276,0.5025125628140702,1.0041160648868097,0.11926605413885935,0.22478411394097328,0.5319094671172413
13,200.0,0.01151395399326447,100.0,28.275342329660198,9.29648460850266e-16,29.402767903872533,0.7734234223551346,56.26793123602384,58.51150812870637,0.5025125628140701,1.0049767033012318,0.11926605413885935,0.25850783602500005,0.4624755880176178
14,200.0,0.013894954943731374,100.0,28.275342329660198,9.29648460850266e-16,29.93662020927477,0.8561519249956264,56.26793123602384,59.57387421645681,0.5025125628140702,0.9920354399700215,0.11926605413885935,0.30323771993203696,0.39431912793452534
15,200.0,0.016768329368110076,100.0,28.275342329660198,9.29648460850266e-16,30.15145118072564,1.0603449422623918,56.26793123602384,60.001387849644054,0.5025125628140701,1.0098242281702212,0.11926605413885935,0.35706907011408384,0.3349285791213339
16,200.0,0.020235896477251564,100.0,28.275342329660198,9.29648460850266e-16,31.938689938642018,1.2463802080512851,56.26793123602384,63.55799297789765,0.5025125628140701,0.97379005328765,0.11926605413885935,0.4221292394750835,0.2832950833546688
17,200.0,0.02442053094548651,100.0,28.275342329660198,9.29648460850266e-16,31.61811783859232,1.5125764629919716,56.26793123602384,62.920054498798734,0.5025125628140702,1.035985397746021,0.11926605413885935,0.50172205051557,0.23838509288919113
18,200.0,0.029470517025518096,100.0,28.275342329660198,9.29648460850266e-16,33.762230703200245,1.6832174852522384,56.26793123602384,67.18683909936851,0.5025125628140702,0.973590145811803,0.11926605413885935,0.5994962379775,0.19946911410295506
19,200.0,0.03556480306223128,100.0,28.275342329660198,9.29648460850266e-16,36.69410705244042,1.8176327781315458,56.26793123602384,73.02127303435647,0.5025125628140702,0.9084741046363419,0.11926605413885935,0.7172010123736313,0.16674699189150652
20,200.0,0.04291934260128776,100.0,28.275342329660198,9.29648460850266e-16,39.34593687386266,2.2238318839111777,56.26793123602384,78.29841437898676,0.50251256281407,0.8779904768332394,0.11926605413885935,0.8649158275214976,0.1382335992641324
21,200.0,0.0517947467923121,100.0,28.275342329660198,9.29648460850266e-16,43.58672230416043,2.581904577676173,56.26793123602384,86.7375773852793,0.5025125628140702,0.7891143139170377,0.11926605413885935,1.0413345141653805,0.11473849729330024
22,200.0,0.0625055192527397,100.0,28.275342329660198,9.29648460850266e-16,49.56075843851127,2.9482081520148697,56.26793123602384,98.62590929263749,0.5025125628140701,0.694099962705907,0.11926605413885935,1.2467597014305212,0.09589074962955403
23,200.0,0.07543120063354615,100.0,28.275342329660198,9.29648460850266e-16,53.723417844311655,3.1802523024385763,56.26793123602384,106.9096015101803,0.5025125628140699,0.6325322303278245,0.11926605413885935,1.513535449873647,0.07898815498194507
24,200.0,0.09102981779915217,100.0,28.275342329660198,9.29648460850266e-16,68.43527920486714,4.367225291814618,56.26793123602384,136.1862056176857,0.5025125628140701,0.5045735798130107,0.11926605413885935,1.8236466346365487,0.0655639671198219
25,200.0,0.10985411419875583,100.0,28.275342329660198,9.29648460850266e-16,76.16068357885969,4.539399053091502,56.26793123602384,151.5597603219309,0.50251256281407,0.44679400674590725,0.11926605413885935,2.1963104009954995,0.054418641803882735
26,200.0,0.13257113655901082,100.0,28.275342329660198,9.29648460850266e-16,84.89037478902685,4.44462236191574,56.26793123602384,168.93184583016355,0.50251256281407,0.38705144418236365,0.11926605413885935,2.653696241404894,0.04506421174780735
27,200.0,0.15998587196060574,100.0,28.275342329660198,9.29648460850266e-16,109.33864985056594,6.524310715049047,56.26793123602384,217.5839132026263,0.5025125628140702,0.3110049637505799,0.11926605413885935,3.1883929657500087,0.037500999484559386
28,200.0,0.19306977288832497,100.0,28.275342329660198,9.29648460850266e-16,121.87702027492466,7.283446654845754,56.26793123602384,242.53527034710018,0.5025125628140701,0.27656910141397056,0.11926605413885935,3.856528147508202,0.03100823552682429
29,200.0,0.2329951810515372,100.0,28.275342329660198,9.29648460850266e-16,154.19605845622596,8.644534336449324,56.26793123602384,306.85015632788986,0.50251256281407,0.21599715731196478,0.11926605413885935,4.662255138280381,0.025641298968198185
30,200.0,0.2811768697974228,100.0,28.275342329660198,9.29648460850266e-16,165.89405268209396,8.867910912884978,56.26793123602384,330.1291648373672,0.50251256281407,0.19800655001915468,0.11926605413885935,5.607359768250636,0.021319369751983716
31,200.0,0.3393221771895326,100.0,28.275342329660198,9.29648460850266e-16,217.8729558279172,12.540398273555983,56.26793123602384,433.5671820975555,0.5025125628140701,0.15447587098460452,0.11926605413885935,6.7918479240272145,0.017614494054086688
32,200.0,0.4094915062380423,100.0,28.275342329660198,9.29648460850266e-16,251.46818126924873,14.299218203115922,56.26793123602384,500.42168072580523,0.5025125628140701,0.1307730948648284,0.11926605413885935,8.176672822153565,0.014624622645925114
33,200.0,0.49417133613238334,100.0,28.275342329660198,9.29648460850266e-16,307.4960891661038,16.615416405445345,56.26793123602384,611.917217440547,0.50251256281407,0.10605523277516275,0.11926605413885935,9.84091134596356,0.012152478413956683
34,200.0,0.5963623316594643,100.0,28.275342329660198,9.29648460850266e-16,398.89035448081313,21.85641053649777,56.26793123602384,793.7918054168188,0.50251256281407,0.08205927197322359,0.11926605413885935,11.966541025524569,0.009994469495853007
35,200.0,0.7196856730011514,100.0,28.275342329660198,9.29648460850266e-16,437.31106417302414,24.392828223037352,56.26793123602384,870.2490177043185,0.5025125628140701,0.07501893764514088,0.11926605413885935,14.383812243377452,0.008311230919147785
36,200.0,0.868511373751352,100.0,28.275342329660198,9.29648460850266e-16,541.2150179430224,30.58585010282886,56.26793123602384,1077.017885706615,0.5025125628140702,0.06110781222962867,0.11926605413885935,17.315084766157742,0.006907487064381209
37,200.0,1.0481131341546852,100.0,28.275342329660198,9.29648460850266e-16,655.5243486993736,39.11273614388778,56.26793123602384,1304.4934539117548,0.5025125628140699,0.051589149857243555,0.11926605413885935,21.054241521518584,0.00568069375338665
38,200.0,1.2648552168552958,100.0,28.275342329660198,9.29648460850266e-16,821.5526848723181,49.09545678039589,56.26793123602384,1634.8898428959144,0.5025125628140699,0.04158409190726627,0.11926605413885935,25.401620738985066,0.004706345947562556
39,200.0,1.5264179671752318,100.0,28.275342329660198,9.29648460850266e-16,960.5809085776732,52.5865555281232,56.26793123602384,1911.5560080695716,0.5025125628140699,0.034605562678717686,0.11926605413885935,30.58338422083114,0.0039105525430089775
40,200.0,1.8420699693267144,100.0,28.275342329660198,9.29648460850266e-16,1135.6171728758309,65.41076576255811,56.26793123602384,2259.878174022905,0.50251256281407,0.029121194139369855,0.11926605413885935,36.58809569387666,0.0032680173716877464
41,200.0,2.2229964825261934,100.0,28.275342329660198,9.29648460850266e-16,1414.195695158537,84.12240340557777,56.26793123602384,2814.249433365491,0.50251256281407,0.023936533868024964,0.11926605413885935,44.38715802614381,0.0026933966825798995
42,200.0,2.6826957952797246,100.0,28.275342329660198,9.29648460850266e-16,1700.095687721002,89.1651268195843,56.26793123602384,3383.1904185647954,0.5025125628140701,0.01949065190218094,0.11926605413885935,53.47208701992123,0.0022350274428740214
43,200.0,3.2374575428176433,100.0,28.275342329660198,9.29648460850266e-16,2033.311085392397,117.74857379755646,56.26793123602384,4046.289059930874,0.5025125628140699,0.016364563524146433,0.11926605413885935,64.23287045645402,0.0018608333944693074
44,200.0,3.906939937054613,100.0,28.275342329660198,9.29648460850266e-16,2432.2472503977474,132.3196817286902,56.26793123602384,4840.172028291521,0.50251256281407,0.01359097361804124,0.11926605413885935,78.25043296038982,0.001528584027544003
45,200.0,4.714866363457389,100.0,28.275342329660198,9.29648460850266e-16,2945.398311611341,167.51104164804144,56.26793123602384,5861.342640106573,0.50251256281407,0.011389718402324398,0.11926605413885935,94.00275068146779,0.0012717308254509613
46,200.0,5.689866029018293,100.0,28.275342329660198,9.29648460850266e-16,3613.384213916475,207.4744474838396,56.26793123602384,7190.634585693789,0.5025125628140701,0.00917644037334528,0.11926605413885935,113.42757820427083,0.0010541794678308374
47,200.0,6.866488450042998,100.0,28.275342329660198,9.29648460850266e-16,4500.027584034616,271.40040786265536,56.26793123602384,8955.054892228894,0.5025125628140699,0.007496786226842267,0.11926605413885935,136.37558775753212,0.0008769397977280588
48,200.0,8.286427728546842,100.0,28.275342329660198,9.29648460850266e-16,5187.9640689454545,319.1872960495708,56.26793123602384,10324.048497201462,0.50251256281407,0.0064852228967304006,0.11926605413885935,165.22643872291155,0.0007236332870607553
49,200.0,10.0,100.0,28.275342329660198,9.29648460850266e-16,6232.199206014287,360.68094547330804,56.26793123602384,12402.076419968445,0.5025125628140698,0.005309836277670243,0.11926605413885935,199.28367895370354,0.0006000978463395523
50,400.0,0.001,100.0,28.255164508503505,4.64824230425133e-16,28.26252695305397,0.10516267219113322,112.73810638892905,112.76748254268537,0.25062656641604003,1.0005501701926358,0.08423805994135745,0.0888996073148764,0.9478373120180601
51,400.0,0.0012067926406393288,100.0,28.255164508503505,4.64824230425133e-16,28.20072273161691,0.11651945539515546,112.73810638892905,112.52088369915148,0.2506265664160401,1.0029342737501086,0.08423805994135745,0.09078598353437167,0.9282348157004952
52,400.0,0.0014563484775012444,100.0,28.255164508503505,4.64824230425133e-16,28.266657502806094,0.13559367418208348,112.73810638892905,112.78396343619633,0.2506265664160401,1.0009390778529625,0.08423805994135745,0.09366650480509855,0.8997394263313832
53,400.0,0.0017575106248547913,100.0,28.255164508503505,4.64824230425133e-16,28.489354311208864,0.1798851869138311,112.73810638892905,113.67252370172339,0.25062656641604003,0.9941138131133361,0.08423805994135745,0.09784304980916457,0.8614806922878663
54,400.0,0.0021209508879201904,100.0,28.255164508503505,4.64824230425133e-16,28.33161595905014,0.22517450418868815,112.73810638892905,113.04314767661012,0.25062656641604,1.0009773884919957,0.08423805994135745,0.10315670849898793,0.8172357271512831
55,400.0,0.002559547922699536,100.0,28.255164508503505,4.64824230425133e-16,28.392280712291463,0.24476374709173146,112.73810638892905,113.28520004204297,0.25062656641604003,0.9994960200015571,0.08423805994135745,0.11109778491662328,0.7588665898720367
56,400.0,0.0030888435964774815,100.0,28.255164508503505,4.64824230425133e-16,28.209106046194343,0.3004574945856257,112.73810638892905,112.55433312431545,0.25062656641604003,1.0083505459330488,0.08423805994135745,0.12039487136433445,0.7003522770643626
57,400.0,0.003727593720314938,100.0,28.255164508503505,4.64824230425133e-16,28.580740184645997,0.373116017128727,112.73810638892905,114.03715333673756,0.25062656641604003,0.9989310808388515,0.08423805994135745,0.13481176751845944,0.6255547856670285
58,400.0,0.004498432668969444,100.0,28.255164508503505,4.64824230425133e-16,28.56756115026861,0.44584599856527496,112.73810638892905,113.98456898957178,0.25062656641604003,1.0033626636626454,0.08423805994135745,0.15265401600570552,0.5524263375526342
59,400.0,0.005428675439323859,100.0,28.255164508503505,4.64824230425133e-16,28.789896422900735,0.5295560436594445,112.73810638892905,114.87168672737397,0.25062656641604003,1.0023828902584997,0.08423805994135745,0.17476820746721158,0.4826277094093026
60,400.0,0.006551285568595509,100.0,28.255164508503505,4.64824230425133e-16,29.1329017731247,0.6722066170234982,112.73810638892905,116.2402780747676,0.25062656641604,0.9994526314166302,0.08423805994135745,0.20337087792747013,0.41473805087204757
61,400.0,0.0079060432109077,100.0,28.255164508503505,4.64824230425133e-16,28.978828598260307,0.8284324174762986,112.73810638892905,115.62552610705866,0.25062656641604003,1.0264958757443865,0.08423805994135745,0.23893023352394827,0.35300898627980176
62,400.0,0.009540954763499945,100.0,28.255164508503505,4.64824230425133e-16,29.622169615966733,0.9101667382461776,112.73810638892905,118.19245676770728,0.2506265664160401,1.0122306780814367,0.08423805994135745,0.28303500915512436,0.29796163635270895
63,400.0,0.01151395399326447,100.0,28.255164508503505,4.64824230425133e-16,30.332850530351585,1.0559150495551128,112.73810638892905,121.02807361610284,0.2506265664160401,1.003881867081802,0.08423805994135745,0.3367600468237405,0.25046937838440975
64,400.0,0.013894954943731374,100.0,28.255164508503505,4.64824230425133e-16,31.184744419219612,1.2007851192355463,112.73810638892905,124.42713023268635,0.2506265664160399,0.9963236162791766,0.08423805994135745,0.4020346212929213,0.2098188159081015
65,400.0,0.016768329368110076,100.0,28.255164508503505,4.64824230425133e-16,32.388350469273426,1.5215876909109105,112.73810638892905,129.22951837240103,0.25062656641604,1.0090389704808087,0.08423805994135745,0.4805377519963697,0.17551607308143666
66,400.0,0.020235896477251564,100.0,28.255164508503505,4.64824230425133e-16,33.29574279295426,1.5922469438858626,112.73810638892905,132.8500137438876,0.2506265664160399,0.9901358672198826,0.08423805994135745,0.5806304924212691,0.14527843942857982
67,400.0,0.02442053094548651,100.0,28.255164508503505,4.64824230425133e-16,37.05595192184556,1.820583133581416,112.73810638892905,147.85324816816387,0.25062656641604,0.886140959931142,0.08423805994135745,0.6969712087567046,0.12098663127928713
68,400.0,0.029470517025518096,100.0,28.255164508503505,4.64824230425133e-16,36.89707591840663,1.8602932529600822,112.73810638892905,147.21933291444256,0.2506265664160399,0.8912969716084888,0.08423805994135745,0.8380789064299627,0.10066051961388961
69,400.0,0.03556480306223128,100.0,28.255164508503505,4.64824230425133e-16,42.590320644757384,2.56673640038294,112.73810638892905,169.93537937258208,0.2506265664160399,0.8085228574223462,0.08423805994135745,1.0115240729412733,0.08337113180596846
70,400.0,0.04291934260128776,100.0,28.255164508503505,4.64824230425133e-16,47.007523810578476,2.5269662659260663,112.73810638892905,187.56002000420833,0.2506265664160398,0.7095647712942009,0.08423805994135745,1.2136354727516359,0.06949810540878017
71,400.0,0.0517947467923121,100.0,28.255164508503505,4.64824230425133e-16,52.559231051105925,3.286142344735508,112.73810638892905,209.71133189391293,0.25062656641603975,0.6503602257173244,0.08423805994135745,1.463637904010903,0.05762828450304427
72,400.0,0.0625055192527397,100.0,28.255164508503505,4.64824230425133e-16,63.06101605270441,3.8191389244508334,112.73810638892905,251.61345405029093,0.25062656641603975,0.5498276052518986,0.08423805994135745,1.7632932419592657,0.047835677305196375
73,400.0,0.07543120063354615,100.0,28.255164508503505,4.64824230425133e-16,71.98882030409423,4.153211386940467,112.73810638892905,287.2353930133362,0.2506265664160399,0.4683766061149285,0.08423805994135745,2.1383079159042526,0.03944358196396282
74,400.0,0.09102981779915217,100.0,28.255164508503505,4.64824230425133e-16,82.44931065522078,4.712651158775913,112.73810638892905,328.97274951433116,0.2506265664160399,0.4029025241708302,0.08423805994135745,2.5669118015016497,0.03285986941979962
75,400.0,0.10985411419875583,100.0,28.255164508503505,4.64824230425133e-16,98.44455145498488,5.76448598932246,112.73810638892905,392.79376030538987,0.25062656641604,0.34056234321920636,0.08423805994135745,3.104771058811263,0.027164698714455558
76,400.0,0.13257113655901082,100.0,28.255164508503505,4.64824230425133e-16,120.31451043544817,7.952308642210537,112.73810638892905,480.05489663743833,0.25062656641604003,0.28625515932793955,0.08423805994135745,3.7365504959229736,0.022572461986085198
77,400.0,0.15998587196060574,100.0,28.255164508503505,4.64824230425133e-16,144.20145648309563,8.017408997751884,112.73810638892905,575.363811367552,0.2506265664160399,0.23186564262518805,0.08423805994135745,4.512890878929943,0.0186947721735368
78,400.0,0.19306977288832497,100.0,28.255164508503505,4.64824230425133e-16,177.38314868825017,10.52660217037132,112.73810638892905,707.7587632661184,0.25062656641604003,0.1920573306777592,0.08423805994135745,5.452521475242755,0.015468485892192302
79,400.0,0.2329951810515372,100.0,28.255164508503505,4.64824230425133e-16,215.81532667182188,12.328104062313075,112.73810638892905,861.1031534205698,0.25062656641604,0.15590174690552155,0.08423805994135745,6.611165336608905,0.012758712065564013
80,400.0,0.2811768697974228,100.0,28.255164508503505,4.64824230425133e-16,252.03576887380424,13.935718717124194,112.73810638892905,1005.6227178064798,0.25062656641603986,0.13245501627561937,0.08423805994135745,7.9581928653817435,0.010597468156192268
81,400.0,0.3393221771895326,100.0,28.255164508503505,4.64824230425133e-16,318.68870378006625,17.79254031582924,112.73810638892905,1271.567928082466,0.25062656641603975,0.10464323710105901,0.08423805994135745,9.607555880634605,0.008779642054417346
82,400.0,0.4094915062380423,100.0,28.255164508503505,4.64824230425133e-16,346.87072911018333,19.574034447615862,112.73810638892905,1384.0142091496336,0.2506265664160397,0.09540974887121091,0.08423805994135745,11.58132550829038,0.0072821411346954915
83,400.0,0.49417133613238334,100.0,28.255164508503505,4.64824230425133e-16,443.8997177854039,25.587620417835574,112.73810638892905,1771.1598739637634,0.2506265664160398,0.07527142232281842,0.08423805994135745,13.99142203111817,0.0060284125659984256
84,400.0,0.5963623316594643,100.0,28.255164508503505,4.64824230425133e-16,524.7808698012755,31.466926647313525,112.73810638892905,2093.8756705070914,0.2506265664160398,0.06411507426539242,0.08423805994135745,16.84397814868646,0.005007461219378779
85,400.0,0.7196856730011514,100.0,28.255164508503505,4.64824230425133e-16,667.0035062720046,37.228138577015635,112.73810638892905,2661.3439900253006,0.2506265664160399,0.049916039172909946,0.08423805994135745,20.269380782056718,0.004161450858158286
86,400.0,0.868511373751352,100.0,28.255164508503505,4.64824230425133e-16,764.5853780552006,45.583275857957325,112.73810638892905,3050.6956584402537,0.25062656641603986,0.04393567529342774,0.08423805994135745,24.564772068921034,0.0034333014381442363
87,400.0,1.0481131341546852,100.0,28.255164508503505,4.64824230425133e-16,929.9214900205462,48.87082072059822,112.73810638892905,3710.38674518198,0.25062656641604003,0.03530314122161521,0.08423805994135745,29.529151090531297,0.0028559399284652925
88,400.0,1.2648552168552958,100.0,28.255164508503505,4.64824230425133e-16,1129.0612040171277,69.5813889625254,112.73810638892905,4504.954204028344,0.25062656641603986,0.029994592279632686,0.08423805994135745,35.631669479288654,0.002367192208251102
89,400.0,1.5264179671752318,100.0,28.255164508503505,4.64824230425133e-16,1371.9630194644092,79.57030842992577,112.73810638892905,5474.132447662997,0.2506265664160399,0.02451530038841649,0.08423805994135745,43.11148492341623,0.0019563979934293886
90,400.0,1.8420699693267144,100.0,28.255164508503505,4.64824230425133e-16,1647.1393964735162,97.86223914000165,112.73810638892905,6572.086191929338,0.25062656641603975,0.020521993808879938,0.08423805994135745,52.01126909064846,0.001621550714999252
91,400.0,2.2229964825261934,100.0,28.255164508503505,4.64824230425133e-16,1968.167933074466,103.23745672751375,112.73810638892905,7852.990052967128,0.2506265664160398,0.016737988908242487,0.08423805994135745,63.05966571655996,0.0013373090129601241
92,400.0,2.6826957952797246,100.0,28.255164508503505,4.64824230425133e-16,2409.9140205557587,135.43348652887377,112.73810638892905,9615.556942017483,0.2506265664160399,0.013867990098806661,0.08423805994135745,75.63762497381485,0.0011153085233368003
93,400.0,3.2374575428176433,100.0,28.255164508503505,4.64824230425133e-16,2902.1887903966012,161.24790999358177,112.73810638892905,11579.733273682457,0.2506265664160397,0.011363591455009895,0.08423805994135745,91.59956668937029,0.0009204902966670479
94,400.0,3.906939937054613,100.0,28.255164508503505,4.64824230425133e-16,3701.444496783382,204.3060827747154,112.73810638892905,14768.763542165707,0.25062656641603986,0.008965397119627412,0.08423805994135745,110.48768293283997,0.0007632994746863302
95,400.0,4.714866363457389,100.0,28.255164508503505,4.64824230425133e-16,4392.303521059302,233.85932579924412,112.73810638892905,17525.291049026633,0.2506265664160398,0.007536601360751485,0.08423805994135745,133.4878129061845,0.0006318104396433469
96,400.0,5.689866029018293,100.0,28.255164508503505,4.64824230425133e-16,4886.616762426814,264.176409248265,112.73810638892905,19497.600882083014,0.25062656641603975,0.0066685353522186065,0.08423805994135745,160.95383771760524,0.000524008965067215
97,400.0,6.866488450042998,100.0,28.255164508503505,4.64824230425133e-16,6055.461862069297,315.6892760506473,112.73810638892905,24161.29282965652,0.25062656641603986,0.0054514342145913,0.08423805994135745,193.4908821850706,0.00043599044157212384
98,400.0,8.286427728546842,100.0,28.255164508503505,4.64824230425133e-16,7089.654431130613,376.8631561056532,112.73810638892905,28287.721180211185,0.25062656641603975,0.004620287763340471,0.08423805994135745,234.53525987452954,0.0003596783872069092
99,400.0,10.0,100.0,28.255164508503505,4.64824230425133e-16,9213.574602438535,533.3154682583558,112.73810638892905,36762.162663729774,0.25062656641604,0.0036647093544503683,0.08423805994135745,282.7897080406423,0.00029827920248219565
100,600.0,0.001,100.0,28.248433038495158,4.64824230425133e-16,28.31432099797061,0.1331984354274057,169.20811390058597,169.602782777844,0.16694490818030047,0.9989670119979244,0.06875409456596085,0.07695757205594289,0.8936746112986405
101,600.0,0.0012067926406393288,100.0,28.248433038495158,4.64824230425133e-16,28.240384745068326,0.14621017224348157,169.20811390058597,169.1599046229593,0.16694490818030047,1.0018529723658378,0.06875409456596085,0.08039559015049917,0.8555247831698045
102,600.0,0.0014563484775012444,100.0,28.248433038495158,4.64824230425133e-16,28.387610792717613,0.1827424715556594,169.20811390058597,170.04178864837854,0.16694490818030047,0.9975004068203543,0.06875409456596085,0.08536944581911558,0.8057738287290304
103,600.0,0.0017575106248547913,100.0,28.248433038495158,4.64824230425133e-16,28.364914140311228,0.20954614297281202,169.20811390058597,169.90583570046428,0.16694490818030047,0.9990872111060437,0.06875409456596085,0.09207700767788997,0.7470814411267823
104,600.0,0.0021209508879201904,100.0,28.248433038495158,4.64824230425133e-16,28.567637371362334,0.25632257970289196,169.20811390058597,171.1201478544604,0.16694490818030047,0.9934978217895388,0.06875409456596085,0.10061983144443061,0.683750739186647
105,600.0,0.002559547922699536,100.0,28.248433038495158,4.64824230425133e-16,28.65420215916115,0.3186930890435852,169.20811390058597,171.63867093337532,0.16694490818030047,0.9929344768385368,0.06875409456596085,0.11225397959039811,0.6129871640690132
106,600.0,0.0030888435964774815,100.0,28.248433038495158,4.64824230425133e-16,28.648904816510598,0.3896179242802477,169.20811390058597,171.60693985089853,0.16694490818030044,0.9966569060182682,0.06875409456596085,0.1270182435976002,0.5417572535835684
107,600.0,0.003727593720314938,100.0,28.248433038495158,4.64824230425133e-16,28.91579397742855,0.4453367687170266,169.20811390058597,173.20560592479703,0.1669449081803005,0.9910302275754364,0.06875409456596085,0.1463497701770616,0.47023335784829134
108,600.0,0.004498432668969444,100.0,28.248433038495158,4.64824230425133e-16,28.894311894278566,0.5322262366444082,169.20811390058597,173.07692824672867,0.16694490818030044,0.9980006308638303,0.06875409456596085,0.1701265846591247,0.4044068795308253
109,600.0,0.005428675439323859,100.0,28.248433038495158,4.64824230425133e-16,29.23423879503294,0.6684220014458345,169.20811390058597,175.11309038224732,0.1669449081803005,0.9995168739570468,0.06875409456596085,0.1993037934006245,0.3452407328914075
110,600.0,0.006551285568595509,100.0,28.248433038495158,4.64824230425133e-16,29.024706571327016,0.746434703472764,169.20811390058597,173.8579923622489,0.16694490818030044,1.0144119552437347,0.06875409456596085,0.23589676653043729,0.29170414619981166
111,600.0,0.0079060432109077,100.0,28.248433038495158,4.64824230425133e-16,29.36776870885185,0.9075316632985493,169.20811390058597,175.9129345660227,0.1669449081803004,1.022239565430916,0.06875409456596085,0.28116229136067344,0.24473280547562967
112,600.0,0.009540954763499945,100.0,28.248433038495158,4.64824230425133e-16,30.24493737151,1.0963117964577798,169.20811390058597,181.16717485534505,0.16694490818030036,1.020808359437231,0.06875409456596085,0.3373651916821649,0.20396773431301995
113,600.0,0.01151395399326447,100.0,28.248433038495158,4.64824230425133e-16,30.91001512032742,1.1810945582229035,169.20811390058597,185.1509905707613,0.16694490818030044,0.9984127273518064,0.06875409456596085,0.40558516665543265,0.16963112837656055
114,600.0,0.013894954943731374,100.0,28.248433038495158,4.64824230425133e-16,31.850141499919598,1.4146373858142678,169.20811390058597,190.78234758451853,0.1669449081803004,1.0201781094102322,0.06875409456596085,0.48606500351245485,0.14157037463948427
115,600.0,0.016768329368110076,100.0,28.248433038495158,4.64824230425133e-16,33.41096732213237,1.6631264453989851,169.20811390058597,200.13169425957295,0.16694490818030047,0.9866773417914305,0.06875409456596085,0.5858108954504555,0.11745149584312263
116,600.0,0.020235896477251564,100.0,28.248433038495158,4.64824230425133e-16,37.778071432044094,2.0350887699563596,169.20811390058597,226.29064787794422,0.16694490818030042,0.8885263491604285,0.06875409456596085,0.7053045492082988,0.09757339120975886
117,600.0,0.02442053094548651,100.0,28.248433038495158,4.64824230425133e-16,36.945419907464796,2.0082174007209663,169.20811390058597,221.30306524571438,0.1669449081803003,0.90159435503519,0.06875409456596085,0.8488271435831054,0.08106942188136748
118,600.0,0.029470517025518096,100.0,28.248433038495158,4.64824230425133e-16,43.57852180808649,2.382037184843439,169.20811390058597,261.03534563043826,0.1669449081803004,0.7717954829255,0.06875409456596085,1.0246545142695371,0.06716165144073057
119,600.0,0.03556480306223128,100.0,28.248433038495158,4.64824230425133e-16,46.31337598371904,2.6871046430582286,169.20811390058597,277.4171221424774,0.16694490818030028,0.7297042163983067,0.06875409456596085,1.2338165476016925,0.05577732010046043
120,600.0,0.04291934260128776,100.0,28.248433038495158,4.64824230425133e-16,54.3384982957296,2.973969554908329,169.20811390058597,325.48760479142067,0.1669449081803003,0.6153677575850232,0.06875409456596085,1.4846301173651768,0.04635042093080654
121,600.0,0.0517947467923121,100.0,28.248433038495158,4.64824230425133e-16,63.00437751608028,3.534554158790821,169.20811390058597,377.3962213213211,0.16694490818030042,0.5302731246501347,0.06875409456596085,1.8011127215545584,0.038206090447716036
122,600.0,0.0625055192527397,100.0,28.248433038495158,4.64824230425133e-16,77.59740542760143,4.593243549706337,169.20811390058597,464.80845851133313,0.1669449081803003,0.4372635402603538,0.06875409456596085,2.163108293118028,0.03181140589283203
123,600.0,0.07543120063354615,100.0,28.248433038495158,4.64824230425133e-16,86.87895478439971,4.903174476594531,169.20811390058597,520.4049391585552,0.1669449081803002,0.38291441502446594,0.06875409456596085,2.617646153756983,0.026282370208027896
124,600.0,0.09102981779915217,100.0,28.248433038495158,4.64824230425133e-16,102.08010580307503,5.545345230012441,169.20811390058597,611.4598337604203,0.16694490818030025,0.32327546364651616,0.06875409456596085,3.139662504811625,0.021915612881701747
125,600.0,0.10985411419875583,100.0,28.248433038495158,4.64824230425133e-16,123.74652031592382,7.225252043443912,169.20811390058597,741.2416566923847,0.16694490818030028,0.27196032702575096,0.06875409456596085,3.7961026844837593,0.018126046522351856
126,600.0,0.13257113655901082,100.0,28.248433038495158,4.64824230425133e-16,147.14922429472963,8.756244455409492,169.20811390058597,881.4238535254315,0.16694490818030033,0.22991904849369427,0.06875409456596085,4.594370691824346,0.014978274659072748
127,600.0,0.15998587196060574,100.0,28.248433038495158,4.64824230425133e-16,173.57919753030836,10.419447039283478,169.20811390058597,1039.7393932065484,0.1669449081803003,0.19173455313789362,0.06875409456596085,5.524344610828135,0.012455321163800293
128,600.0,0.19306977288832497,100.0,28.248433038495158,4.64824230425133e-16,218.76498769086098,13.406317941087893,169.20811390058597,1310.4022762682587,0.16694490818030033,0.15677650278349095,0.06875409456596085,6.6918541921661525,0.010283330117713122
129,600.0,0.2329951810515372,100.0,28.248433038495158,4.64824230425133e-16,263.94780086103015,15.844614822810176,169.20811390058597,1581.04732715757,0.16694490818030056,0.12828191521643428,0.06875409456596085,8.06523872469838,0.008531809739015742
130,600.0,0.2811768697974228,100.0,28.248433038495158,4.64824230425133e-16,305.02650214746836,16.41734061388346,169.20811390058597,1827.108747863337,0.16694490818030036,0.10779923606809406,0.06875409456596085,9.728843996255176,0.00707238143682558
131,600.0,0.3393221771895326,100.0,28.248433038495158,4.64824230425133e-16,375.0396695755112,20.783947757357545,169.20811390058597,2246.4876207573143,0.16694490818030033,0.08866354917593197,0.06875409456596085,11.741865353377849,0.00586012949657068
132,600.0,0.4094915062380423,100.0,28.248433038495158,4.64824230425133e-16,443.0601297799545,24.189264407365208,169.20811390058597,2653.9301773819298,0.16694490818030036,0.07534059751383149,0.06875409456596085,14.177556115926258,0.004853529771138136
133,600.0,0.49417133613238334,100.0,28.248433038495158,4.64824230425133e-16,527.7522155592602,27.78090955918524,169.20811390058597,3161.2357711999734,0.16694490818030025,0.06142759106779383,0.06875409456596085,17.089392538254433,0.0040265355291560345
134,600.0,0.5963623316594643,100.0,28.248433038495158,4.64824230425133e-16,629.70618939298,35.9337439113377,169.20811390058597,3771.940074463956,0.16694490818030025,0.05250141846149246,0.06875409456596085,20.66799563624286,0.0033293219314148837
135,600.0,0.7196856730011514,100.0,28.248433038495158,4.64824230425133e-16,748.7570079525917,39.12982738954227,169.20811390058597,4485.05447763603,0.16694490818030028,0.04360053905937884,0.06875409456596085,24.88424671835458,0.0027654358953054996
136,600.0,0.868511373751352,100.0,28.248433038495158,4.64824230425133e-16,977.1930779191027,53.69317168487528,169.20811390058597,5853.386536735437,0.16694490818030017,0.0339647104918311,0.06875409456596085,30.047174306709188,0.00228969191596623
137,600.0,1.0481131341546852,100.0,28.248433038495158,4.64824230425133e-16,1124.9895018394188,57.09902087641179,169.20811390058597,6738.687116018134,0.16694490818030014,0.029134040572553446,0.06875409456596085,36.23727341667724,0.0018990427680606085
138,600.0,1.2648552168552958,100.0,28.248433038495158,4.64824230425133e-16,1377.7342914713738,79.27113799209224,169.20811390058597,8252.62840591354,0.16694490818030028,0.024278231539652775,0.06875409456596085,43.71955270906587,0.0015738903709149902
139,600.0,1.5264179671752318,100.0,28.248433038495158,4.64824230425133e-16,1703.5033841584907,100.24797421565633,169.20811390058597,10203.98527110937,0.16694490818030033,0.019491664291134043,0.06875409456596085,53.03421410506798,0.001297538186583731
140,600.0,1.8420699693267144,100.0,28.248433038495158,4.64824230425133e-16,1964.058011742058,112.69197891906288,169.20811390058597,11764.707490334942,0.16694490818030028,0.017032386408828912,0.06875409456596085,63.74434296580918,0.0010795783287990783
141,600.0,2.2229964825261934,100.0,28.248433038495158,4.64824230425133e-16,2385.5801197342116,129.95304707994606,169.20811390058597,14289.62491720795,0.16694490818030025,0.013877867035364358,0.06875409456596085,76.964415768045,0.0008941305159685408
142,600.0,2.6826957952797246,100.0,28.248433038495158,4.64824230425133e-16,2793.5996529856525,157.44829214752602,169.20811390058597,16733.66192138408,0.1669449081803003,0.011925613542762682,0.06875409456596085,92.68239081268801,0.0007424622818950651
143,600.0,3.2374575428176433,100.0,28.248433038495158,4.64824230425133e-16,3394.1689461253764,195.0291881480502,169.20811390058597,20331.07198729102,0.1669449081803004,0.009629854907520982,0.06875409456596085,111.9474540849096,0.0006146001982324684
144,600.0,3.906939937054613,100.0,28.248433038495158,4.64824230425133e-16,4413.363178648413,266.62525940604587,169.20811390058597,26436.045440104033,0.16694490818030025,0.007743556342830535,0.06875409456596085,134.77520831225345,0.0005105980125557708
145,600.0,4.714866363457389,100.0,28.248433038495158,4.64824230425133e-16,5239.071942705618,303.0573424627102,169.20811390058597,31382.0409368067,0.16694490818030025,0.0064022958141958675,0.06875409456596085,163.039901400431,0.00042201627415304965
146,600.0,5.689866029018293,100.0,28.248433038495158,4.64824230425133e-16,6274.483616669636,339.12035262773543,169.20811390058597,37584.156863851174,0.16694490818030025,0.00526869458702313,0.06875409456596085,196.79030387812003,0.00034963235185635384
147,600.0,6.866488450042998,100.0,28.248433038495158,4.64824230425133e-16,7405.780289670359,418.37641383942946,169.20811390058597,44360.6239351255,0.1669449081803003,0.004466920806959624,0.06875409456596085,236.93857109761797,0.0002904436754178825
148,600.0,8.286427728546842,100.0,28.248433038495158,4.64824230425133e-16,8984.65157864187,556.0106204066899,169.20811390058597,53818.06295606477,0.16694490818030058,0.0037565611353662103,0.06875409456596085,287.37862371870085,0.00023945467725093182
149,600.0,10.0,100.0,28.248433038495158,4.64824230425133e-16,11019.220772882454,604.5499468377942,169.20811390058597,66005.13242956605,0.16694490818030014,0.00301090156614223,0.06875409456596085,347.40843147920316,0.00019807952163999505
150,800.0,0.001,100.0,28.24506628053967,9.29648460850266e-16,28.357770917499476,0.15209495054478692,225.6780795815125,226.57858963082083,0.12515644555694616,0.9976991537198693,0.05953154894269089,0.07160699350826373,0.8316148175575622
151,800.0,0.0012067926406393288,100.0,28.24506628053967,9.29648460850266e-16,28.416953244134433,0.18162097467672475,225.6780795815125,227.05145642063417,0.12515644555694616,0.9963399239326444,0.05953154894269089,0.07657549405530122,0.77773097563428
152,800.0,0.0014563484775012444,100.0,28.24506628053967,9.29648460850266e-16,28.286819190159637,0.21507270891541994,225.6780795815125,226.01168532937555,0.12515644555694616,1.0019170267093442,0.05953154894269089,0.08325289863961152,0.715441052754038
153,800.0,0.0017575106248547913,100.0,28.24506628053967,9.29648460850266e-16,28.44025219707907,0.24084665628213628,225.6780795815125,227.2376150546618,0.12515644555694616,0.997273219732652,0.05953154894269089,0.09195970529273345,0.647687074867845
154,800.0,0.0021209508879201904,100.0,28.24506628053967,9.29648460850266e-16,28.675956795273667,0.28883580235601586,225.6780795815125,229.12089479423662,0.12515644555694616,0.9908330928343609,0.05953154894269089,0.10378894317423713,0.5739262435809122
155,800.0,0.002559547922699536,100.0,28.24506628053967,9.29648460850266e-16,28.597435787297137,0.3563698344261394,225.6780795815125,228.4935119405042,0.12515644555694613,0.9970157239276763,0.05953154894269089,0.11826362269776693,0.5036597476831742
156,800.0,0.0030888435964774815,100.0,28.24506628053967,9.29648460850266e-16,28.654295058397796,0.43823620363402127,225.6780795815125,228.94781751659838,0.1251564455569462,0.99910711021111,0.05953154894269089,0.13732466743082702,0.43375806891369345
157,800.0,0.003727593720314938,100.0,28.24506628053967,9.29648460850266e-16,28.875872766344678,0.5214753988879761,225.6780795815125,230.71822340309407,0.12515644555694613,0.9982011669265198,0.05953154894269089,0.1604530720122383,0.3712379508597033
158,800.0,0.004498432668969444,100.0,28.24506628053967,9.29648460850266e-16,29.28367573530655,0.5714774373846462,225.6780795815125,233.97656912509942,0.12515644555694613,0.9861785675446701,0.05953154894269089,0.1894471537745579,0.3144358138394897
159,800.0,0.005428675439323859,100.0,28.24506628053967,9.29648460850266e-16,29.433646165774647,0.7260120911267933,225.6780795815125,235.17483286453958,0.1251564455569461,0.995655943377913,0.05953154894269089,0.22548629834948705,0.2641455198274217
160,800.0,0.006551285568595509,100.0,28.24506628053967,9.29648460850266e-16,29.537259087424736,0.8739295788823762,225.6780795815125,236.00270010852375,0.12515644555694613,1.0090219514761536,0.05953154894269089,0.2686129689232254,0.22175167255300182
161,800.0,0.0079060432109077,100.0,28.24506628053967,9.29648460850266e-16,30.239744289911368,0.9929185119977416,225.6780795815125,241.61555687639202,0.12515644555694608,1.0011023431050234,0.05953154894269089,0.32130661140286765,0.18541804898787773
162,800.0,0.009540954763499945,100.0,28.24506628053967,9.29648460850266e-16,31.52389073110102,1.1476840690470018,225.6780795815125,251.8758869414972,0.12515644555694616,0.9738831064343735,0.05953154894269089,0.38661450729609875,0.15407807018380634
163,800.0,0.01151395399326447,100.0,28.24506628053967,9.29648460850266e-16,30.35514030549518,1.2467190946044464,225.6780795815125,242.53757104090676,0.12515644555694605,1.0313389637358732,0.05953154894269089,0.46380351247924556,0.12843013621827334
164,800.0,0.013894954943731374,100.0,28.24506628053967,9.29648460850266e-16,32.978272840294636,1.5426825196953136,225.6780795815125,263.4963999939542,0.12515644555694616,0.9888065920843399,0.05953154894269089,0.5589381953265338,0.10658348942618796
165,800.0,0.016768329368110076,100.0,28.24506628053967,9.29648460850266e-16,35.00143429475007,1.8595433982573772,225.6780795815125,279.66146001505325,0.1251564455569461,0.9647513022726322,0.05953154894269089,0.6734664461003469,0.08845664917178331
166,800.0,0.020235896477251564,100.0,28.24506628053967,9.29648460850266e-16,38.17255445385254,2.0717125654839896,225.6780795815125,304.9987100862822,0.12515644555694602,0.878451759785584,0.05953154894269089,0.8136485671349069,0.07320741410791919
167,800.0,0.02442053094548651,100.0,28.24506628053967,9.29648460850266e-16,39.244763875056584,2.354483527974094,225.6780795815125,313.5656633617021,0.1251564455569462,0.8727164805953612,0.05953154894269089,0.9784547152911622,0.06087562635651176
168,800.0,0.029470517025518096,100.0,28.24506628053967,9.29648460850266e-16,46.48449326549879,2.680533609528307,225.6780795815125,371.4111011913357,0.12515644555694605,0.7370908005984798,0.05953154894269089,1.1786836323887804,0.050536616440113216
169,800.0,0.03556480306223128,100.0,28.24506628053967,9.29648460850266e-16,55.53515959557029,3.3354979010055006,225.6780795815125,443.72592516860703,0.12515644555694608,0.6169559115740793,0.05953154894269089,1.4246812604682872,0.04181475840009699
170,800.0,0.04291934260128776,100.0,28.24506628053967,9.29648460850266e-16,57.67506169971158,3.399004235540652,225.6780795815125,460.8237429806961,0.12515644555694602,0.5863994730578903,0.05953154894269089,1.7178166997754918,0.03467588612842507
171,800.0,0.0517947467923121,100.0,28.24506628053967,9.29648460850266e-16,69.13472403278529,4.002384134929146,225.6780795815125,552.3864450219555,0.12515644555694594,0.48967228367061943,0.05953154894269089,2.067421155898227,0.02881512507920722
172,800.0,0.0625055192527397,100.0,28.24506628053967,9.29648460850266e-16,80.49915564232523,4.512226850198459,225.6780795815125,643.1882535821791,0.1251564455569461,0.41330373721820934,0.05953154894269089,2.5026674388787895,0.02380157325512345
173,800.0,0.07543120063354615,100.0,28.24506628053967,9.29648460850266e-16,96.59430591349236,5.922788452454646,225.6780795815125,771.7885042488049,0.12515644555694605,0.3485855988126474,0.05953154894269089,3.022425980057453,0.019708312881968178
174,800.0,0.09102981779915217,100.0,28.24506628053967,9.29648460850266e-16,121.78197973194159,7.094026269315709,225.6780795815125,973.0380180582151,0.12515644555694594,0.279200849249269,0.05953154894269089,3.6407672325453695,0.016360830574118242
175,800.0,0.10985411419875583,100.0,28.24506628053967,9.29648460850266e-16,133.73800157163052,7.0894809337533395,225.6780795815125,1068.56663255733,0.12515644555694594,0.24430385044162375,0.05953154894269089,4.394391710024265,0.013555775373997572
176,800.0,0.13257113655901082,100.0,28.24506628053967,9.29648460850266e-16,175.43230905144435,10.211112630037812,225.6780795815125,1401.7041493210425,0.125156445556946,0.19091435000601936,0.05953154894269089,5.30641453957212,0.011225409721669586
177,800.0,0.15998587196060574,100.0,28.24506628053967,9.29648460850266e-16,195.20587003213552,10.098757031561863,225.6780795815125,1559.6949015567632,0.12515644555694616,0.16779284813017875,0.05953154894269089,6.383134850533541,0.009332330434093738
178,800.0,0.19306977288832497,100.0,28.24506628053967,9.29648460850266e-16,253.08307298268326,14.343337918074072,225.6780795815125,2022.1337531316424,0.125156445556946,0.13319114338578975,0.05953154894269089,7.7324394786811625,0.0077025862728804274
179,800.0,0.2329951810515372,100.0,28.24506628053967,9.29648460850266e-16,289.1459290285793,16.200271167104223,225.6780795815125,2310.2759729383524,0.12515644555694597,0.11383470377386226,0.05953154894269089,9.311728276958874,0.006397201773401541
180,800.0,0.2811768697974228,100.0,28.24506628053967,9.29648460850266e-16,358.77835873164435,19.827352543715246,225.6780795815125,2866.6390862658404,0.12515644555694608,0.0916167978414913,0.05953154894269089,11.25947192124896,0.005290760636201699
181,800.0,0.3393221771895326,100.0,28.24506628053967,9.29648460850266e-16,428.3572808964275,24.356302292552932,225.6780795815125,3422.5746743624595,0.12515644555694605,0.0766286647668861,0.05953154894269089,13.567896450035052,0.004390302383057722
182,800.0,0.4094915062380423,100.0,28.24506628053967,9.29648460850266e-16,530.2957471699351,29.21916610655085,225.6780795815125,4237.063019887784,0.1251564455569461,0.0622300901066083,0.05953154894269089,16.384932815340576,0.003635598625639373
183,800.0,0.49417133613238334,100.0,28.24506628053967,9.29648460850266e-16,602.0146134065336,32.64164980242223,225.6780795815125,4810.096761118217,0.12515644555694583,0.054798900903986335,0.05953154894269089,19.736300832763096,0.0030181242435490595
184,800.0,0.5963623316594643,100.0,28.24506628053967,9.29648460850266e-16,699.7690295032838,36.46806223611779,225.6780795815125,5591.154545731249,0.12515644555694594,0.04665040004894446,0.05953154894269089,23.860675441572727,0.0024965453489175773
185,800.0,0.7196856730011514,100.0,28.24506628053967,9.29648460850266e-16,919.0195754720323,51.415241766084236,225.6780795815125,7342.966408021546,0.12515644555694605,0.0364703696400526,0.05953154894269089,28.757781054301507,0.002071196885434799
186,800.0,0.868511373751352,100.0,28.24506628053967,9.29648460850266e-16,1091.568634541747,60.186751012299666,225.6780795815125,8721.633389988569,0.12515644555694605,0.030047568082997075,0.05953154894269089,34.71429411633536,0.0017160703990360812
187,800.0,1.0481131341546852,100.0,28.24506628053967,9.29648460850266e-16,1378.4410412864695,77.58900845759837,225.6780795815125,11013.7439198789,0.12515644555694608,0.02453954409658874,0.05953154894269089,41.90000468603049,0.0014215973488816466
188,800.0,1.2648552168552958,100.0,28.24506628053967,9.29648460850266e-16,1581.880862080887,82.18974058294934,225.6780795815125,12639.22808802629,0.12515644555694616,0.02075215053410292,0.05953154894269089,50.54071066667014,0.0011786279687763263
189,800.0,1.5264179671752318,100.0,28.24506628053967,9.29648460850266e-16,1923.1749939441486,100.9884245420202,225.6780795815125,15366.16820161377,0.125156445556946,0.017053941813427453,0.05953154894269089,61.065938517399275,0.0009754595227613673
190,800.0,1.8420699693267144,100.0,28.24506628053967,9.29648460850266e-16,2253.1507662287586,131.55952079160932,225.6780795815125,18002.674622167833,0.12515644555694583,0.014928565710816103,0.05953154894269089,73.91983784609623,0.000805897787005591
191,800.0,2.2229964825261934,100.0,28.24506628053967,9.29648460850266e-16,2896.4317525992515,174.25553019569784,225.6780795815125,23142.48970326806,0.12515644555694597,0.01159986632059972,0.05953154894269089,88.93961328805267,0.0006697166893054662
192,800.0,2.6826957952797246,100.0,28.24506628053967,9.29648460850266e-16,3367.7792907737276,199.19424923104313,225.6780795815125,26908.5565332821,0.1251564455569461,0.009925145906484655,0.05953154894269089,107.52411802494444,0.0005539876953409342
193,800.0,3.2374575428176433,100.0,28.24506628053967,9.29648460850266e-16,4023.0558143987255,217.80694252833587,225.6780795815125,32144.215957045817,0.1251564455569462,0.008206680842788186,0.05953154894269089,129.17490032761788,0.0004611391537486632
194,800.0,3.906939937054613,100.0,28.24506628053967,9.29648460850266e-16,4984.828533168919,292.70263769979016,225.6780795815125,39828.779980019695,0.12515644555694608,0.006704901252946049,0.05953154894269089,156.073206642636,0.0003816665284138939
195,800.0,4.714866363457389,100.0,28.24506628053967,9.29648460850266e-16,6269.457642165315,390.21758985960673,225.6780795815125,50092.96656090089,0.12515644555694613,0.005467365117938279,0.05953154894269089,188.58761829929853,0.00031586443745311964
196,800.0,5.689866029018293,100.0,28.24506628053967,9.29648460850266e-16,7048.876524513001,388.92381698592055,225.6780795815125,56320.52343085891,0.1251564455569461,0.004696225850888316,0.05953154894269089,227.66197987408174,0.00026163153701124983
197,800.0,6.866488450042998,100.0,28.24506628053967,9.29648460850266e-16,8471.893245443005,497.5565611632656,225.6780795815125,67690.4270310897,0.12515644555694602,0.003985139891024758,0.05953154894269089,273.95255627707417,0.00021744674517014251
198,800.0,8.286427728546842,100.0,28.24506628053967,9.29648460850266e-16,10210.812083157092,580.661264751811,225.6780795815125,81584.38854442527,0.12515644555694602,0.0032513985476174644,0.05953154894269089,331.23352193323257,0.00017984974235604162
199,800.0,10.0,100.0,28.24506628053967,9.29648460850266e-16,12474.899496434546,729.8760396871635,225.6780795815125,99674.44697651216,0.125156445556946,0.0026935954996042018,0.05953154894269089,399.7065086716908,0.0001490274916698938
200,1000.0,0.001,100.0,28.243045900175165,0.0,28.298901518524737,0.1541470654278982,282.14802854274916,282.70602617006216,0.10010010010010009,0.9997422453479158,0.05324060556424291,0.06952613534915478,0.7660557262236062
201,1000.0,0.0012067926406393288,100.0,28.243045900175165,0.0,28.29237927419081,0.19710404714275667,282.14802854274916,282.64086894916625,0.10010010010010008,1.0010868080298763,0.05324060556424291,0.07587233114914942,0.701979474745546
202,1000.0,0.0014563484775012444,100.0,28.243045900175165,0.0,28.507128805786333,0.22324977031110949,282.14802854274916,284.7862167698055,0.10010010010010009,0.9943379854654307,0.05324060556424291,0.084166907047462,0.6327862696406539
203,1000.0,0.0017575106248547913,100.0,28.243045900175165,0.0,28.478992232778072,0.27924404186515533,282.14802854274916,284.505132405453,0.10010010010010006,0.9973487287995233,0.05324060556424291,0.09498841829822297,0.5607722962307792
204,1000.0,0.0021209508879201904,100.0,28.243045900175165,0.0,28.548390192292523,0.3455626485031466,282.14802854274916,285.1984180210024,0.10010010010010006,0.9978331213736961,0.05324060556424291,0.10849241172104686,0.49094091156034686
205,1000.0,0.002559547922699536,100.0,28.243045900175165,0.0,28.57791786483953,0.37563850288015976,282.14802854274916,285.493399469747,0.10010010010010008,0.9983596910335475,0.05324060556424291,0.12614804866529258,0.42228452153299423
206,1000.0,0.0030888435964774815,100.0,28.243045900175165,0.0,29.027975079219633,0.468375101332509,282.14802854274916,289.98947104140416,0.10010010010010009,0.9882780817612296,0.05324060556424291,0.14780206412751817,0.36039714640837145
207,1000.0,0.003727593720314938,100.0,28.243045900175165,0.0,28.591038202485237,0.5163306216195614,282.14802854274916,285.6244716428274,0.10010010010010013,1.0073373637320489,0.05324060556424291,0.17528499083797278,0.30388127818629335
208,1000.0,0.004498432668969444,100.0,28.243045900175165,0.0,28.64797330973944,0.6583079310680847,282.14802854274916,286.19325336429716,0.10010010010010005,1.0188488398834297,0.05324060556424291,0.20778753075457468,0.2563509888656721
209,1000.0,0.005428675439323859,100.0,28.243045900175165,0.0,30.583159172255883,0.8161603668379206,282.14802854274916,305.5257601308365,0.10010010010010002,0.9641059767706227,0.05324060556424291,0.24787019613070427,0.21490060497938174
210,1000.0,0.006551285568595509,100.0,28.243045900175165,0.0,29.730384853400906,0.9330925720766075,282.14802854274916,297.0065446854753,0.10010010010010001,1.0111648900423316,0.05324060556424291,0.2982177475556515,0.17859866356765733
211,1000.0,0.0079060432109077,100.0,28.243045900175165,0.0,31.003297074727026,1.0866058448181506,282.14802854274916,309.7229377765231,0.10010010010010006,0.9818432173799795,0.05324060556424291,0.3578866209823166,0.14884400296098413
212,1000.0,0.009540954763499945,100.0,28.243045900175165,0.0,31.37084470182206,1.2499420588527925,282.14802854274916,313.3947385712025,0.10010010010010008,1.0076217177725755,0.05324060556424291,0.429994486261339,0.12387676605734546
213,1000.0,0.01151395399326447,100.0,28.243045900175165,0.0,32.48085587092074,1.6002851518378733,282.14802854274916,324.48375015049834,0.10010010010010006,1.0060349700011801,0.05324060556424291,0.5173771382211706,0.10295642712590493
214,1000.0,0.013894954943731374,100.0,28.243045900175165,0.0,34.44328251716795,1.7322373484776634,282.14802854274916,344.088392346508,0.10010010010010005,0.9564481587976209,0.05324060556424291,0.6237720862333761,0.08540026855189703
215,1000.0,0.016768329368110076,100.0,28.243045900175165,0.0,36.78435060251204,2.0957882697303787,282.14802854274916,367.47566251909547,0.10010010010010005,0.9198956182476435,0.05324060556424291,0.7490071930837856,0.07111314965754788
216,1000.0,0.020235896477251564,100.0,28.243045900175165,0.0,39.38426525615886,2.1953709353494766,282.14802854274916,393.4488099090275,0.10010010010009998,0.8609936078762438,0.05324060556424291,0.9053858968589548,0.05883473670023929
217,1000.0,0.02442053094548651,100.0,28.243045900175165,0.0,43.134019149864955,2.5667168006893584,282.14802854274916,430.9088513071518,0.1001001001000999,0.7965825043172663,0.05324060556424291,1.094148243332427,0.04868568550658225
218,1000.0,0.029470517025518096,100.0,28.243045900175165,0.0,47.35395269936875,2.7346986979403636,282.14802854274916,473.0659874666942,0.10010010010010001,0.7037067192317431,0.05324060556424291,1.3195481040444783,0.04036700690256245
219,1000.0,0.03556480306223128,100.0,28.243045900175165,0.0,56.9678752578353,3.5204936266050337,282.14802854274916,569.1090738257756,0.10010010010009994,0.6003986117968935,0.05324060556424291,1.5885739005004689,0.03353323066421954
220,1000.0,0.04291934260128776,100.0,28.243045900175165,0.0,64.67281079440994,4.066241469984772,282.14802854274916,646.0813798361561,0.10010010010009998,0.5305516493600113,0.05324060556424291,1.9170948490156423,0.02778542441982495
221,1000.0,0.0517947467923121,100.0,28.243045900175165,0.0,81.98504099776666,4.873416002458779,282.14802854274916,819.0305595676899,0.10010010010009998,0.4167269046071187,0.05324060556424291,2.313956289740533,0.02302006127679713
222,1000.0,0.0625055192527397,100.0,28.243045900175165,0.0,91.30808521764624,5.538894442061669,282.14802854274916,912.1677713242863,0.10010010010010006,0.36821652669514504,0.05324060556424291,2.7946697589915797,0.019058600666737386
223,1000.0,0.07543120063354615,100.0,28.243045900175165,0.0,105.23839234226934,5.6696521364847365,282.14802854274916,1051.3315394992717,0.10010010010010001,0.31134772108243136,0.05324060556424291,3.364259033638312,0.015832906909675037
224,1000.0,0.09102981779915217,100.0,28.243045900175165,0.0,130.82686382709446,7.82486838643985,282.14802854274916,1306.9603696326749,0.10010010010010001,0.2613206187545763,0.05324060556424291,4.074913562879537,0.013071359025744547
225,1000.0,0.10985411419875583,100.0,28.243045900175165,0.0,155.68741043084052,8.95050856481849,282.14802854274916,1555.317230204097,0.10010010010010008,0.21507126915686758,0.05324060556424291,4.921002636425289,0.010824222853340225
226,1000.0,0.13257113655901082,100.0,28.243045900175165,0.0,181.3879129348825,10.63038269640138,282.14802854274916,1812.0652502194773,0.10010010010010004,0.18390512367518033,0.05324060556424291,5.915459149239964,0.009005072289404588
227,1000.0,0.15998587196060574,100.0,28.243045900175165,0.0,238.89730579939192,13.88938488718327,282.14802854274916,2386.584084935926,0.10010010010010006,0.14160684747317412,0.05324060556424291,7.135006161704213,0.00746556702493403
228,1000.0,0.19306977288832497,100.0,28.243045900175165,0.0,268.301130083383,15.646629351183318,282.14802854274916,2680.3282895329994,0.10010010010009997,0.12561122695235144,0.05324060556424291,8.63349582141091,0.006170063281696961
229,1000.0,0.2329951810515372,100.0,28.243045900175165,0.0,333.57602243524167,16.95446026638571,282.14802854274916,3332.4244641280648,0.10010010010010009,0.0972855314562332,0.05324060556424291,10.421725209076376,0.005111506865358553
230,1000.0,0.2811768697974228,100.0,28.243045900175165,0.0,391.20118415783134,23.83462668516893,282.14802854274916,3908.0998297367423,0.10010010010009991,0.08581287206107555,0.05324060556424291,12.56538230251567,0.004239286831675784
231,1000.0,0.3393221771895326,100.0,28.243045900175165,0.0,476.2027816254446,25.283216718353916,282.14802854274916,4757.265788438196,0.1001001001001,0.06917702833520491,0.05324060556424291,15.155653766139675,0.0035147319193928085
232,1000.0,0.4094915062380423,100.0,28.243045900175165,0.0,581.0440500472678,32.727476446087216,282.14802854274916,5804.630059972219,0.10010010010009986,0.056878007865374856,0.05324060556424291,18.368426993110262,0.002900339251411566
233,1000.0,0.49417133613238334,100.0,28.243045900175165,0.0,680.349895753251,37.70233794437836,282.14802854274916,6796.695458574971,0.10010010010010019,0.048735706158959974,0.05324060556424291,22.161843201968082,0.002403614419306196
234,1000.0,0.5963623316594643,100.0,28.243045900175165,0.0,852.8098000878533,48.45285001300932,282.14802854274916,8519.569902877653,0.10010010010010012,0.03906827936351539,0.05324060556424291,26.64470525726792,0.001999042703270038
235,1000.0,0.7196856730011514,100.0,28.243045900175165,0.0,1046.7650401439273,53.649003460622964,282.14802854274916,10457.182751037859,0.10010010010009986,0.03135906715828449,0.05324060556424291,32.30649318108656,0.001648844177070497
236,1000.0,0.868511373751352,100.0,28.243045900175165,0.0,1218.751556055633,68.22578366266437,282.14802854274916,12175.328044995777,0.10010010010010008,0.02724890798864094,0.05324060556424291,38.80932547341199,0.0013726014026610863
237,1000.0,1.0481131341546852,100.0,28.243045900175165,0.0,1490.2670628035273,76.07691956738009,282.14802854274916,14887.767957407248,0.10010010010010004,0.021843195094454846,0.05324060556424291,46.815606405486264,0.0011377657296267342
238,1000.0,1.2648552168552958,100.0,28.243045900175165,0.0,1833.1161068783858,104.24141469757383,282.14802854274916,18312.8299077151,0.10010010010009997,0.0180376147226559,0.05324060556424291,56.61944703063653,0.0009407888625248673
239,1000.0,1.5264179671752318,100.0,28.243045900175165,0.0,2091.082929254714,120.90057299370972,282.14802854274916,20889.918463254617,0.1001001001001,0.01591581280139561,0.05324060556424291,68.26823250915245,0.0007803018764238896
240,1000.0,1.8420699693267144,100.0,28.243045900175165,0.0,2530.9867505827547,136.49255716787468,282.14802854274916,25284.557638321712,0.10010010010010013,0.013155324488294168,0.05324060556424291,82.32780458708812,0.0006470239527448816
241,1000.0,2.2229964825261934,100.0,28.243045900175165,0.0,3197.1844825820567,192.23250154625396,282.14802854274916,31939.87298099479,0.10010010010009997,0.010624684982793588,0.05324060556424291,99.39861060303659,0.0005359437484468944
242,1000.0,2.6826957952797246,100.0,28.243045900175165,0.0,3858.352528338469,240.3379658076414,282.14802854274916,38544.941758101326,0.10010010010010004,0.008761006480484052,0.05324060556424291,120.00760871339048,0.0004438509334869788
243,1000.0,3.2374575428176433,100.0,28.243045900175165,0.0,4615.250237646314,263.29281059376405,282.14802854274916,46106.349874086736,0.10010010010009998,0.007188170379357003,0.05324060556424291,144.8066541536969,0.0003678279806138497
244,1000.0,3.906939937054613,100.0,28.243045900175165,0.0,5278.776201920504,299.1709121148832,282.14802854274916,52734.97425718586,0.10010010010010005,0.0062917905741509605,0.05324060556424291,174.1161621122341,0.0003059429168093304
245,1000.0,4.714866363457389,100.0,28.243045900175165,0.0,6961.124902470847,396.5356407195966,282.14802854274916,69541.63777568378,0.10010010010010008,0.004855151738103093,0.05324060556424291,210.53078030651508,0.00025300874176513135
246,1000.0,5.689866029018293,100.0,28.243045900175165,0.0,7993.958164735169,460.7217228936028,282.14802854274916,79859.64206570435,0.10010010010010008,0.004196840136316668,0.05324060556424291,254.465182093639,0.0002093302646727734
247,1000.0,6.866488450042998,100.0,28.243045900175165,0.0,9902.723722499337,535.9841615945323,282.14802854274916,98928.20998776847,0.10010010010010001,0.0033321032199988884,0.05324060556424291,307.1818839202376,0.0001733959473995758
248,1000.0,8.286427728546842,100.0,28.243045900175165,0.0,11926.523059482295,657.9915859562624,282.14802854274916,119145.9653642282,0.10010010010010004,0.002756572232189268,0.05324060556424291,370.6442478283899,0.00014371176944845437
249,1000.0,10.0,100.0,28.243045900175165,0.0,13659.465710665838,758.0504961392212,282.14802854274916,136458.06244955183,0.10010010010010002,0.002418433966679867,0.05324060556424291,448.530502881697,0.00011875068548520479
