Res,Noise_Param,Scale_Param,Distances_Classic,Distances_Noised,Ratios_EMD,Distances_Linear,Distances_Linear_Noised,Ratios_Linear,CI_Distances_Classic,CI_Distances_Noised,Cumsum_Classic,Cumsum_Noised,Ratios_emd_cumsum
100.0,0.001,100.0,0.2998546206322528,0.2996898464771892,1.0007295471533986,0.2258356660500426,0.22625788995035945,0.9981689666842958,1.1610968010709708e-17,0.0008403334958616176,29.68560744259305,29.669294801241737,0.0101010101010101
100.0,0.001,200.0,0.2998546206322528,0.3003502809004001,0.9985360603946927,0.2258356660500426,0.2262910071324195,0.9980231438661477,1.1610968010709708e-17,0.0008593720481950554,29.68560744259305,29.734677809139615,0.0101010101010101
100.0,0.001,500.0,0.29985462063225293,0.3000309054062517,0.9996075697789641,0.2258356660500426,0.22629007918553692,0.9980330920000523,1.1610968010709708e-17,0.0008768735906392713,29.68560744259305,29.703059635218924,0.0101010101010101
100.0,0.001,1000.0,0.29985462063225293,0.29940592364770696,1.0016395247733592,0.2258356660500426,0.2262009734088761,0.9984228388666344,1.1610968010709708e-17,0.0007441533031367396,29.68560744259305,29.64118644112299,0.0101010101010101
100.0,0.0015505157798326253,100.0,0.2998546206322528,0.30039019716983517,0.9986471626995302,0.2258356660500426,0.22684457472858935,0.9956446173622104,1.1610968010709708e-17,0.0013084795885806683,29.68560744259305,29.738629519813685,0.0101010101010101
100.0,0.0015505157798326253,200.0,0.2998546206322528,0.30095402502448687,0.9968019991634662,0.2258356660500426,0.22707864183860216,0.9946042896373045,1.1610968010709708e-17,0.0013385214177167527,29.68560744259305,29.794448477424208,0.010101010101010098
100.0,0.0015505157798326253,500.0,0.29985462063225293,0.3006085217651154,0.9978837530278853,0.2258356660500426,0.22700068398845386,0.994956322364277,1.1610968010709708e-17,0.0012463929642125742,29.68560744259305,29.760243654746432,0.010101010101010098
100.0,0.0015505157798326253,1000.0,0.29985462063225293,0.30098001733653723,0.9967289551532936,0.2258356660500426,0.22691804578744523,0.9953134243799984,1.1610968010709708e-17,0.001373246836446575,29.68560744259305,29.797021716317186,0.0101010101010101
100.0,0.002404099183509972,100.0,0.2998546206322528,0.3000532778657815,1.000277415157595,0.2258356660500426,0.2282655915960292,0.9895612719614334,1.1610968010709708e-17,0.0019285913673648882,29.68560744259305,29.705274508712375,0.010101010101010098
100.0,0.002404099183509972,200.0,0.2998546206322528,0.30100257553482845,0.9969882435830419,0.2258356660500426,0.22881790033966676,0.9871681620878827,1.1610968010709708e-17,0.0017770053844223688,29.68560744259305,29.79925497794802,0.0101010101010101
100.0,0.002404099183509972,500.0,0.29985462063225293,0.30288736109491265,0.9907263394241426,0.2258356660500426,0.2288022411157202,0.987242630705271,1.1610968010709708e-17,0.001732109938059355,29.68560744259305,29.985848748396357,0.0101010101010101
100.0,0.002404099183509972,1000.0,0.29985462063225293,0.3008676000373034,0.9976641836064957,0.2258356660500426,0.2283303774302252,0.989303949714768,1.1610968010709708e-17,0.0020251698420704557,29.68560744259305,29.78589240369304,0.0101010101010101
100.0,0.003727593720314938,100.0,0.2998546206322528,0.3020551877794491,0.995019749298754,0.2258356660500426,0.2323783895747368,0.9724017320871132,1.1610968010709708e-17,0.003005852078214145,29.68560744259305,29.90346359016547,0.010101010101010098
100.0,0.003727593720314938,200.0,0.2998546206322528,0.3027976308511065,0.9924311704134913,0.2258356660500426,0.23099549763789032,0.9781536816773301,1.1610968010709708e-17,0.002944949929059024,29.68560744259305,29.976965454259542,0.010101010101010102
100.0,0.003727593720314938,500.0,0.29985462063225293,0.300736869182372,0.9988939064046106,0.2258356660500426,0.23146656921181374,0.9761971831297183,1.1610968010709708e-17,0.0027171187390776542,29.68560744259305,29.77295004905484,0.010101010101010097
100.0,0.003727593720314938,1000.0,0.29985462063225293,0.3007754966134144,0.9993080309744761,0.2258356660500426,0.23169213781459885,0.975151269232304,1.1610968010709708e-17,0.003073578160311023,29.68560744259305,29.776774164728025,0.010101010101010102
100.0,0.005779692884153313,100.0,0.2998546206322528,0.30455057929976603,0.9913415272825982,0.2258356660500426,0.2403823627071687,0.9407945528623329,1.1610968010709708e-17,0.00526472188959139,29.68560744259305,30.15050735067684,0.0101010101010101
100.0,0.005779692884153313,200.0,0.2998546206322528,0.30262704277993474,0.9953475533445436,0.2258356660500426,0.24009379906228961,0.941507883437585,1.1610968010709708e-17,0.004302676491737388,29.68560744259305,29.960077235213543,0.0101010101010101
100.0,0.005779692884153313,500.0,0.29985462063225293,0.30511510273517684,0.9875183001402275,0.2258356660500426,0.2406465756120544,0.9393238832539862,1.1610968010709708e-17,0.004461086895149397,29.68560744259305,30.206395170782518,0.010101010101010097
100.0,0.005779692884153313,1000.0,0.29985462063225293,0.3051354453862427,0.9867873150995902,0.2258356660500426,0.2403134233451727,0.9407202782512702,1.1610968010709708e-17,0.004093954843566429,29.68560744259305,30.20840909323804,0.010101010101010097
100.0,0.00896150501946605,100.0,0.2998546206322528,0.3051100420809597,0.9908347799545543,0.2258356660500426,0.25893430551292285,0.8739832682936982,1.1610968010709708e-17,0.005763975395598262,29.68560744259305,30.205894166015014,0.0101010101010101
100.0,0.00896150501946605,200.0,0.2998546206322528,0.30246642101901083,1.0032391058355632,0.2258356660500426,0.2599583380801236,0.8709275219323002,1.1610968010709708e-17,0.006860641513528445,29.68560744259305,29.944175680882086,0.010101010101010097
100.0,0.00896150501946605,500.0,0.29985462063225293,0.3111724880716857,0.975015322696273,0.2258356660500426,0.25895911049168474,0.8740545977526473,1.1610968010709708e-17,0.0070607733864243155,29.68560744259305,30.80607631909689,0.010101010101010098
100.0,0.00896150501946605,1000.0,0.29985462063225293,0.3003059189654188,1.0101606840599189,0.2258356660500426,0.25790895508737877,0.8775625758191632,1.1610968010709708e-17,0.006868463371987924,29.68560744259305,29.730285977576465,0.0101010101010101
100.0,0.013894954943731374,100.0,0.2998546206322528,0.3189728400065724,0.9602953664507505,0.2258356660500426,0.30206283084465413,0.7494957564434565,1.1610968010709708e-17,0.009831323573287932,29.68560744259305,31.57831116065067,0.0101010101010101
100.0,0.013894954943731374,200.0,0.2998546206322528,0.31354109663238977,0.975723401080419,0.2258356660500426,0.2980691995133135,0.7608706412960582,1.1610968010709708e-17,0.009136942949742549,29.68560744259305,31.040568566606588,0.0101010101010101
100.0,0.013894954943731374,500.0,0.29985462063225293,0.31416615284437305,0.9765376753484332,0.2258356660500426,0.2975364045076336,0.7610491758953493,1.1610968010709708e-17,0.009955181202521465,29.68560744259305,31.10244913159293,0.010101010101010102
100.0,0.013894954943731374,1000.0,0.29985462063225293,0.3145202732849794,0.973081775857429,0.2258356660500426,0.2980510506626449,0.7595716699427664,1.1610968010709708e-17,0.00959611409069237,29.68560744259305,31.137507055212968,0.010101010101010098
100.0,0.021544346900318832,100.0,0.2998546206322528,0.33178213672568296,0.9433097915983959,0.2258356660500426,0.37991594940284634,0.597055103132933,1.1610968010709708e-17,0.014249683872753088,29.68560744259305,32.84643153584262,0.010101010101010098
100.0,0.021544346900318832,200.0,0.2998546206322528,0.3317016285975795,0.9333069063304896,0.2258356660500426,0.377453665988072,0.6008058020971332,1.1610968010709708e-17,0.012370167358896067,29.68560744259305,32.83846123116038,0.010101010101010098
100.0,0.021544346900318832,500.0,0.29985462063225293,0.331319776612479,0.9498695063615173,0.2258356660500426,0.3752261989246115,0.6049915879997411,1.1610968010709708e-17,0.015174746027398498,29.68560744259305,32.80065788463543,0.0101010101010101
100.0,0.021544346900318832,1000.0,0.29985462063225293,0.3253211939470686,0.9823571637128167,0.2258356660500426,0.37898482776604203,0.5992055389997186,1.1610968010709708e-17,0.01646183476832482,29.68560744259305,32.2067982007598,0.010101010101010098
100.0,0.03340484983513244,100.0,0.2998546206322528,0.3542545961769998,0.9178443099110173,0.2258356660500426,0.5209293284215153,0.43563041999631813,1.1610968010709708e-17,0.02085369444302933,29.68560744259305,35.07120502152299,0.010101010101010097
100.0,0.03340484983513244,200.0,0.2998546206322528,0.3501710316895605,0.941384270351683,0.2258356660500426,0.5205120977568121,0.43667982338679806,1.1610968010709708e-17,0.022096254342994247,29.68560744259305,34.66693213726651,0.010101010101010095
100.0,0.03340484983513244,500.0,0.29985462063225293,0.34409928196294687,0.9507689383253694,0.2258356660500426,0.5236158464823681,0.43346522031495477,1.1610968010709708e-17,0.021388513404594835,29.68560744259305,34.06582891433174,0.010101010101010102
100.0,0.03340484983513244,1000.0,0.29985462063225293,0.35098487569968545,0.9493403532895042,0.2258356660500426,0.5201231602701814,0.4363104292467414,1.1610968010709708e-17,0.023084012386023523,29.68560744259305,34.74750269426887,0.010101010101010098
100.0,0.0517947467923121,100.0,0.2998546206322528,0.37598828148891994,0.8821661446588789,0.2258356660500426,0.7604613423520458,0.2982863840736482,1.1610968010709708e-17,0.024490780227985436,29.68560744259305,37.222839867403096,0.010101010101010095
100.0,0.0517947467923121,200.0,0.2998546206322528,0.3935254426561548,0.8611321694904822,0.2258356660500426,0.7655180370082485,0.2962899000693039,1.1610968010709708e-17,0.0291829519285851,29.68560744259305,38.959018822959344,0.010101010101010097
100.0,0.0517947467923121,500.0,0.29985462063225293,0.39909838375730394,0.8976435757813735,0.2258356660500426,0.770504187261241,0.2945932487348218,1.1610968010709708e-17,0.03376554189815317,29.68560744259305,39.51073999197311,0.010101010101010095
100.0,0.0517947467923121,1000.0,0.29985462063225293,0.40312806721781624,0.8410619096581907,0.2258356660500426,0.7702160241055078,0.29492215031188385,1.1610968010709708e-17,0.029376323028987014,29.68560744259305,39.90967865456382,0.010101010101010098
100.0,0.08030857221391513,100.0,0.2998546206322528,0.4608993939547999,0.748362738151586,0.2258356660500426,1.1541762596796807,0.19693951166301726,1.1610968010709708e-17,0.03636111725650435,29.68560744259305,45.62904000152522,0.010101010101010095
100.0,0.08030857221391513,200.0,0.2998546206322528,0.5122617155375406,0.7191743785436457,0.2258356660500426,1.1543769040440575,0.1965959163114784,1.1610968010709708e-17,0.0480454834687509,29.68560744259305,50.71390983821656,0.010101010101010093
100.0,0.08030857221391513,500.0,0.29985462063225293,0.504941649461253,0.6782643144332863,0.2258356660500426,1.1635226323262762,0.19531801773445923,1.1610968010709708e-17,0.03878044530761939,29.68560744259305,49.989223296664065,0.010101010101010097
100.0,0.08030857221391513,1000.0,0.29985462063225293,0.48099710785719607,0.7351916773648823,0.2258356660500426,1.1730303334893546,0.19376027392709058,1.1610968010709708e-17,0.04255730725486323,29.68560744259305,47.618713677862424,0.010101010101010098
100.0,0.12451970847350319,100.0,0.2998546206322528,0.698306374298993,0.49682065293032207,0.2258356660500426,1.7774032193937217,0.12761880417957336,1.1610968010709708e-17,0.05522417201836807,29.68560744259305,69.13233105560037,0.010101010101010091
100.0,0.12451970847350319,200.0,0.2998546206322528,0.6567532438929582,0.5449599268952153,0.2258356660500426,1.7579668067760175,0.128917894835841,1.1610968010709708e-17,0.062452368210912886,29.68560744259305,65.01857114540292,0.010101010101010093
100.0,0.12451970847350319,500.0,0.29985462063225293,0.6588466040496525,0.5354153738027249,0.2258356660500426,1.7798535585053117,0.12751564448650676,1.1610968010709708e-17,0.05819334281482705,29.68560744259305,65.22581380091565,0.010101010101010093
100.0,0.12451970847350319,1000.0,0.29985462063225293,0.6364332338031096,0.5484253893863781,0.2258356660500426,1.7667874762142364,0.12844317885529882,1.1610968010709708e-17,0.05321620270885544,29.68560744259305,63.00689014650788,0.010101010101010097
100.0,0.19306977288832497,100.0,0.2998546206322528,0.9073909592369529,0.40609545937717584,0.2258356660500426,2.7386504036261625,0.08287015897063446,1.1610968010709708e-17,0.09290619844020316,29.68560744259305,89.83170496445837,0.010101010101010098
100.0,0.19306977288832497,200.0,0.2998546206322528,1.0214393368478447,0.35604974509312803,0.2258356660500426,2.722266778487397,0.08335340375620266,1.1610968010709708e-17,0.09444864603447713,29.68560744259305,101.12249434793667,0.010101010101010097
100.0,0.19306977288832497,500.0,0.29985462063225293,0.9405866610832457,0.3658052254734503,0.2258356660500426,2.732959146505451,0.08302725167375812,1.1610968010709708e-17,0.0780069657362784,29.68560744259305,93.1180794472414,0.010101010101010093
100.0,0.19306977288832497,1000.0,0.29985462063225293,0.9327490125350414,0.3788021658895975,0.2258356660500426,2.7234514231419706,0.08334977549498238,1.1610968010709708e-17,0.08885543101337831,29.68560744259305,92.34215224096914,0.010101010101010097
100.0,0.29935772947204903,100.0,0.2998546206322528,1.4082176911376931,0.2520776984098572,0.2258356660500426,4.213284915338665,0.05383049117515868,1.1610968010709708e-17,0.13316520528197856,29.68560744259305,139.41355142263166,0.010101010101010098
100.0,0.29935772947204903,200.0,0.2998546206322528,1.3860934088966324,0.2582959112596181,0.2258356660500426,4.176063819891558,0.05434742091451662,1.1610968010709708e-17,0.13800568100411117,29.68560744259305,137.22324748076664,0.010101010101010098
100.0,0.29935772947204903,500.0,0.29985462063225293,1.3647467341250916,0.25164408648929876,0.2258356660500426,4.229809805816906,0.053597737887632245,1.1610968010709708e-17,0.1069768900920111,29.68560744259305,135.1099266783842,0.010101010101010091
100.0,0.29935772947204903,1000.0,0.29985462063225293,1.421978302957819,0.2632447833232825,0.2258356660500426,4.214261115230503,0.05390287464471931,1.1610968010709708e-17,0.15113136620716497,29.68560744259305,140.7758519928242,0.010101010101010093
100.0,0.46415888336127775,100.0,0.2998546206322528,2.041834059560535,0.16793156982886567,0.2258356660500426,6.552710226780732,0.03462443161759398,1.1610968010709708e-17,0.16173371270129727,29.68560744259305,202.14157189649308,0.010101010101010095
100.0,0.46415888336127775,200.0,0.2998546206322528,2.1571233161475205,0.16520870852148073,0.2258356660500426,6.588838169980083,0.03449237378339781,1.1610968010709708e-17,0.19737164330688012,29.68560744259305,213.55520829860467,0.010101010101010095
100.0,0.46415888336127775,500.0,0.29985462063225293,2.122803822292856,0.16397129255817167,0.2258356660500426,6.5468151423222904,0.034678746400121786,1.1610968010709708e-17,0.17632798763499724,29.68560744259305,210.15757840699277,0.010101010101010098
100.0,0.46415888336127775,1000.0,0.29985462063225293,2.2880764571010097,0.15395125568697396,0.2258356660500426,6.584772513678813,0.03447541612574614,1.1610968010709708e-17,0.19379775690332407,29.68560744259305,226.5195692530002,0.01010101010101009
100.0,0.7196856730011514,100.0,0.2998546206322528,3.0144544133319404,0.11712200642695227,0.2258356660500426,10.210973707127753,0.022221420975241126,1.1610968010709708e-17,0.25878491546349064,29.68560744259305,298.4309869198622,0.010101010101010097
100.0,0.7196856730011514,200.0,0.2998546206322528,3.3470705920524826,0.10654462976667736,0.2258356660500426,10.07124664587099,0.02254281855841392,1.1610968010709708e-17,0.30495575209316295,29.68560744259305,331.35998861319575,0.010101010101010102
100.0,0.7196856730011514,500.0,0.29985462063225293,3.2711862306128534,0.11053616090549796,0.2258356660500426,10.166413811515728,0.022343209138675837,1.1610968010709708e-17,0.31972977200033054,29.68560744259305,323.84743683067256,0.010101010101010098
100.0,0.7196856730011514,1000.0,0.29985462063225293,3.2548295169458417,0.11031675545965644,0.2258356660500426,10.200095501456493,0.022248463233313847,1.1610968010709708e-17,0.3272913604167727,29.68560744259305,322.2281221776385,0.010101010101010095
100.0,1.115883992507748,100.0,0.2998546206322528,5.038492488833744,0.06819703004145472,0.2258356660500426,15.919959540428849,0.014256349217216928,1.1610968010709708e-17,0.4167857186438974,29.68560744259305,498.81075639454104,0.010101010101010093
100.0,1.115883992507748,200.0,0.2998546206322528,5.131998665165494,0.0684868470237946,0.2258356660500426,15.858803903933413,0.014317857571755346,1.1610968010709708e-17,0.44294892363163957,29.68560744259305,508.06786785138405,0.010101010101010097
100.0,1.115883992507748,500.0,0.29985462063225293,5.223605226159268,0.068779483246908,0.2258356660500426,16.008328218311856,0.014172032144195571,1.1610968010709708e-17,0.49442265433600957,29.68560744259305,517.1369173897677,0.010101010101010097
100.0,1.115883992507748,1000.0,0.29985462063225293,5.069429629654093,0.07158001061624836,0.2258356660500426,15.68473788884784,0.014465457703621431,1.1610968010709708e-17,0.5043560247468271,29.68560744259305,501.8735333357555,0.010101010101010095
100.0,1.7301957388458944,100.0,0.2998546206322528,7.872215357640663,0.043935578391978876,0.2258356660500426,24.564245986700747,0.009234496883485807,1.1610968010709708e-17,0.6207050479692623,29.68560744259305,779.3493204064262,0.010101010101010093
100.0,1.7301957388458944,200.0,0.2998546206322528,7.5909729765207965,0.04602679958477018,0.2258356660500426,24.178559771400764,0.009377588615538578,1.1610968010709708e-17,0.6720456593301194,29.68560744259305,751.5063246755592,0.010101010101010097
100.0,1.7301957388458944,500.0,0.29985462063225293,8.017549583315017,0.04555268663801544,0.2258356660500426,24.744652515760922,0.00917511599081563,1.1610968010709708e-17,0.7805485109451834,29.68560744259305,793.7374087481872,0.010101010101010093
100.0,1.7301957388458944,1000.0,0.29985462063225293,7.776185637748251,0.04549542522459491,0.2258356660500426,24.07849960390425,0.009428098550163634,1.1610968010709708e-17,0.7391632339326257,29.68560744259305,769.8423781370772,0.010101010101010097
100.0,2.6826957952797246,100.0,0.2998546206322528,12.212160226602926,0.029718084145163727,0.2258356660500426,37.97849614422908,0.005970780390057266,1.1610968010709708e-17,1.122464269389449,29.68560744259305,1209.0038624336898,0.0101010101010101
100.0,2.6826957952797246,200.0,0.2998546206322528,12.202738080518055,0.028501825850258684,0.2258356660500426,37.830771352605865,0.006002239587760452,1.1610968010709708e-17,1.0085146542585692,29.68560744259305,1208.0710699712884,0.010101010101010093
100.0,2.6826957952797246,500.0,0.29985462063225293,11.664906416706287,0.02980366310487713,0.2258356660500426,37.59376236884068,0.006035735831278558,1.1610968010709708e-17,1.0744260871928413,29.68560744259305,1154.8257352539229,0.010101010101010097
100.0,2.6826957952797246,1000.0,0.29985462063225293,11.56059610551663,0.031404683440868775,0.2258356660500426,37.535308736405966,0.006050189488670248,1.1610968010709708e-17,1.1480632311471963,29.68560744259305,1144.4990144461472,0.010101010101010095
100.0,4.159562163071843,100.0,0.2998546206322528,19.687881508552476,0.017995295210728998,0.2258356660500426,59.27724160622994,0.0038271914563179645,1.1610968010709708e-17,1.9747169820611465,29.68560744259305,1949.1002693466967,0.010101010101010093
100.0,4.159562163071843,200.0,0.2998546206322528,17.992494944867257,0.019371960059429344,0.2258356660500426,58.51300941012791,0.0038792790304564262,1.1610968010709708e-17,1.5742256971597912,29.68560744259305,1781.2569995418598,0.010101010101010093
100.0,4.159562163071843,500.0,0.29985462063225293,19.23102614765483,0.01857499835280321,0.2258356660500426,59.255020396665614,0.003827422882507072,1.1610968010709708e-17,1.792965727759094,29.68560744259305,1903.8715886178293,0.010101010101010095
100.0,4.159562163071843,1000.0,0.29985462063225293,19.464988231105796,0.01832291147459677,0.2258356660500426,59.225308067289,0.0038357535714155446,1.1610968010709708e-17,1.7691672408394623,29.68560744259305,1927.0338348794755,0.010101010101010091
100.0,6.449466771037621,100.0,0.2998546206322528,26.951113010965297,0.01308338316205231,0.2258356660500426,90.2294320847286,0.002513905237244632,1.1610968010709708e-17,2.2876869469524577,29.68560744259305,2668.1601880855656,0.010101010101010097
100.0,6.449466771037621,200.0,0.2998546206322528,29.32516156785456,0.012103901952997072,0.2258356660500426,90.32876399094863,0.0025120543359975333,1.1610968010709708e-17,2.524330128265217,29.68560744259305,2903.190995217603,0.010101010101010097
100.0,6.449466771037621,500.0,0.29985462063225293,27.619944235457865,0.012459260967135607,0.2258356660500426,91.38805697497153,0.0024842898512859673,1.1610968010709708e-17,2.2946851864400544,29.68560744259305,2734.3744793103288,0.0101010101010101
100.0,6.449466771037621,1000.0,0.29985462063225293,30.724149602544195,0.011925656009638672,0.2258356660500426,90.64196041715827,0.0025039397406270225,1.1610968010709708e-17,3.2746422077193764,29.68560744259305,3041.6908106518777,0.010101010101010093
100.0,10.0,100.0,0.2998546206322528,40.52684927603509,0.008534808021981156,0.2258356660500426,141.26995602610998,0.001609120156556788,1.1610968010709708e-17,3.6580314336166406,29.68560744259305,4012.158078327475,0.010101010101010098
100.0,10.0,200.0,0.2998546206322528,47.968905503150125,0.007419855308276868,0.2258356660500426,139.12599034773956,0.0016337105882513886,1.1610968010709708e-17,4.132646639422881,29.68560744259305,4748.921644811865,0.010101010101010095
100.0,10.0,500.0,0.29985462063225293,43.89650282432213,0.00827973059653773,0.2258356660500426,139.51414468911312,0.001627617315691217,1.1610968010709708e-17,4.745589773624795,29.68560744259305,4345.753779607891,0.010101010101010098
100.0,10.0,1000.0,0.29985462063225293,44.851229496449385,0.008049366456193141,0.2258356660500426,140.6089699001914,0.0016125730119900378,1.1610968010709708e-17,4.578305162495228,29.68560744259305,4440.271720148493,0.010101010101010091
200.0,0.001,100.0,0.2998403653901534,0.3000751861833844,0.999619279197975,0.1592914074970504,0.16049491481085934,0.9925657836351216,1.1610968010709708e-17,0.0012646938386793201,59.668232712640595,59.714962050493526,0.005025125628140701
200.0,0.001,200.0,0.2998403653901534,0.29987645752581077,1.0001799659882125,0.1592914074970504,0.1601668259003871,0.9946089510005222,1.1610968010709708e-17,0.0010858579697172839,59.668232712640595,59.67541504763635,0.005025125628140703
200.0,0.001,500.0,0.2998403653901534,0.30018407621756793,0.9992524737421715,0.15929140749705042,0.16062817531203857,0.9917432129514819,0.0,0.001256722839845379,59.668232712640574,59.736631167296046,0.005025125628140701
200.0,0.001,1000.0,0.2998403653901534,0.2998445365807152,1.0003471566612514,0.15929140749705042,0.16057228971239154,0.9920983897458807,0.0,0.0011929263679943834,59.668232712640574,59.66906277956234,0.005025125628140702
200.0,0.0015505157798326253,100.0,0.2998403653901534,0.299743855447624,1.0011851632756532,0.1592914074970504,0.16206717678015245,0.9830837206783508,1.1610968010709708e-17,0.0018393931864285717,59.668232712640595,59.649027234077174,0.005025125628140704
200.0,0.0015505157798326253,200.0,0.2998403653901534,0.30109554491119134,0.9967358574916606,0.1592914074970504,0.1624613553026159,0.9806811368625765,1.1610968010709708e-17,0.0019027541681625442,59.668232712640595,59.91801343732707,0.0050251256281407045
200.0,0.0015505157798326253,500.0,0.2998403653901534,0.301339327186311,0.9957350785443363,0.15929140749705042,0.16257086257549083,0.9800299669348833,0.0,0.001680983212782372,59.668232712640574,59.966526110075904,0.005025125628140703
200.0,0.0015505157798326253,1000.0,0.2998403653901534,0.30054833000506337,0.9984180092969366,0.15929140749705042,0.16223938125833115,0.982026119700571,0.0,0.001746713667684043,59.668232712640574,59.80911767100761,0.005025125628140704
200.0,0.002404099183509972,100.0,0.2998403653901534,0.30094680190205764,0.9980012228591343,0.1592914074970504,0.16647931937061816,0.9571490036212735,1.1610968010709708e-17,0.002589549142971886,59.668232712640595,59.88841357850947,0.005025125628140704
200.0,0.002404099183509972,200.0,0.2998403653901534,0.30259244814248354,0.9924478991095995,0.1592914074970504,0.16646181140677868,0.9573323107255469,1.1610968010709708e-17,0.0025051327382566916,59.668232712640595,60.21589718035424,0.005025125628140702
200.0,0.002404099183509972,500.0,0.2998403653901534,0.301665227515269,0.9958414199429442,0.15929140749705042,0.1663561558785802,0.9579506875268119,0.0,0.002757220936224163,59.668232712640574,60.03138027553854,0.005025125628140703
200.0,0.002404099183509972,1000.0,0.2998403653901534,0.30079546254052614,0.9988079228522209,0.15929140749705042,0.16618345875242146,0.9589388592031639,0.0,0.0028004391576192315,59.668232712640574,59.858297045564704,0.005025125628140704
200.0,0.003727593720314938,100.0,0.2998403653901534,0.30157593347820244,0.9984972702270143,0.1592914074970504,0.17524985062939538,0.9097597545287124,1.1610968010709708e-17,0.004172650678006806,59.668232712640595,60.0136107621623,0.005025125628140702
200.0,0.003727593720314938,200.0,0.2998403653901534,0.3023940255847275,0.9949634733027168,0.1592914074970504,0.17579927932940087,0.9068461736456587,1.1610968010709708e-17,0.003714676897165771,59.668232712640595,60.17641109136079,0.005025125628140702
200.0,0.003727593720314938,500.0,0.2998403653901534,0.3022982599707491,0.9954464040863041,0.15929140749705042,0.17524786800974618,0.9097057105160821,0.0,0.0038228730456912577,59.668232712640574,60.15735373417909,0.005025125628140702
200.0,0.003727593720314938,1000.0,0.2998403653901534,0.3024519783553233,0.9947065415302174,0.15929140749705042,0.17587211861060137,0.9063843470844253,0.0,0.00366597655805343,59.668232712640574,60.18794369270934,0.005025125628140703
200.0,0.005779692884153313,100.0,0.2998403653901534,0.30690136620091574,0.9849429656837375,0.1592914074970504,0.1957058856269504,0.8148889720794458,1.1610968010709708e-17,0.005736431319485423,59.668232712640595,61.07337187398225,0.005025125628140702
200.0,0.005779692884153313,200.0,0.2998403653901534,0.30840799157125454,0.9806149967507701,0.1592914074970504,0.19687995395324873,0.8104248544939427,1.1610968010709708e-17,0.006045967783241728,59.668232712640595,61.37319032267967,0.005025125628140702
200.0,0.005779692884153313,500.0,0.2998403653901534,0.31232114854187587,0.9680762013141999,0.15929140749705042,0.19702850321398369,0.8093521052229247,0.0,0.005861473745436653,59.668232712640574,62.15190855983331,0.005025125628140703
200.0,0.005779692884153313,1000.0,0.2998403653901534,0.308136565679274,0.9786789064698485,0.15929140749705042,0.19710709844867122,0.8093309211575854,0.0,0.004878563383207049,59.668232712640574,61.31917657017553,0.005025125628140704
200.0,0.00896150501946605,100.0,0.2998403653901534,0.31929870677221417,0.9576735285551482,0.1592914074970504,0.2388916469727315,0.6680688262168313,1.1610968010709708e-17,0.00938520291317046,59.668232712640595,63.540442647670616,0.005025125628140704
200.0,0.00896150501946605,200.0,0.2998403653901534,0.3116332146404412,0.9806313356124303,0.1592914074970504,0.2388160751989421,0.6685217444729481,1.1610968010709708e-17,0.009251703478999887,59.668232712640595,62.01500971344781,0.005025125628140703
200.0,0.00896150501946605,500.0,0.2998403653901534,0.30799019923174137,0.9901682390341027,0.15929140749705042,0.23873920988515146,0.6684801873627951,0.0,0.008427395603411651,59.668232712640574,61.29004964711654,0.005025125628140703
200.0,0.00896150501946605,1000.0,0.2998403653901534,0.31871559626111057,0.9607400339241647,0.15929140749705042,0.24117872059425025,0.6615990641350773,0.0,0.009619234226751592,59.668232712640574,63.42440365596102,0.005025125628140702
200.0,0.013894954943731374,100.0,0.2998403653901534,0.3283176180936041,0.9532251861290253,0.1592914074970504,0.321901803533573,0.4959238575045905,1.1610968010709708e-17,0.01368924976513474,59.668232712640595,65.33520600062724,0.005025125628140702
200.0,0.013894954943731374,200.0,0.2998403653901534,0.3230765159479082,0.9687071316195528,0.1592914074970504,0.3183760379763403,0.5012851377491782,1.1610968010709708e-17,0.013526295564196234,59.668232712640595,64.29222667363372,0.0050251256281407045
200.0,0.013894954943731374,500.0,0.2998403653901534,0.31185412209784397,0.9886411468285157,0.15929140749705042,0.32210838200699254,0.49545867751103295,0.0,0.01095403213664029,59.668232712640574,62.05897029747096,0.005025125628140703
200.0,0.013894954943731374,1000.0,0.2998403653901534,0.3122640893809858,1.0049873497778625,0.15929140749705042,0.3164496467727402,0.5049101274036305,0.0,0.013950382137158908,59.668232712640574,62.140553786816184,0.005025125628140703
200.0,0.021544346900318832,100.0,0.2998403653901534,0.3331709097741967,0.9728341176195804,0.1592914074970504,0.4573737184994456,0.349220629554581,1.1610968010709708e-17,0.018738501044027123,59.668232712640595,66.30101104506514,0.0050251256281407045
200.0,0.021544346900318832,200.0,0.2998403653901534,0.3498088411415327,0.9214941797716459,0.1592914074970504,0.460995168261085,0.34610673895828886,1.1610968010709708e-17,0.01979067915847947,59.668232712640595,69.61195938716503,0.005025125628140702
200.0,0.021544346900318832,500.0,0.2998403653901534,0.3413480905952605,0.9462774009979117,0.15929140749705042,0.45935516542104715,0.34756096730559455,0.0,0.018883661111277983,59.668232712640574,67.92827002845688,0.005025125628140701
200.0,0.021544346900318832,1000.0,0.2998403653901534,0.3414040500852119,0.9409469451902818,0.15929140749705042,0.45984456582132777,0.3472734555578056,0.0,0.018343451447368098,59.668232712640574,67.9394059669572,0.005025125628140702
200.0,0.03340484983513244,100.0,0.2998403653901534,0.3794855937111089,0.8840711739625077,0.1592914074970504,0.6837839242414474,0.2336573575109244,1.1610968010709708e-17,0.026671171629348497,59.668232712640595,75.51763314851067,0.005025125628140704
200.0,0.03340484983513244,200.0,0.2998403653901534,0.38506815515558723,0.8841285108080302,0.1592914074970504,0.6874972176839473,0.23218972818599226,1.1610968010709708e-17,0.027376727116977518,59.668232712640595,76.62856287596188,0.005025125628140703
200.0,0.03340484983513244,500.0,0.2998403653901534,0.35656669643151934,0.9496708399126389,0.15929140749705042,0.685542838676488,0.2330345779142401,0.0,0.026870118146691387,59.668232712640574,70.95677258987239,0.005025125628140701
200.0,0.03340484983513244,1000.0,0.2998403653901534,0.380059068676143,0.9238794455290781,0.15929140749705042,0.6830672110077001,0.2337969370998676,0.0,0.030842429239786962,59.668232712640574,75.63175466655244,0.0050251256281407045
200.0,0.0517947467923121,100.0,0.2998403653901534,0.4766403655852722,0.7556819180726742,0.1592914074970504,1.0380663718830665,0.15382044287972507,1.1610968010709708e-17,0.04516968243338184,59.668232712640595,94.85143275146919,0.005025125628140702
200.0,0.0517947467923121,200.0,0.2998403653901534,0.4594757931434356,0.7669408304249359,0.1592914074970504,1.0418101819866843,0.15335086258424882,1.1610968010709708e-17,0.03719664563453904,59.668232712640595,91.4356828355437,0.005025125628140703
200.0,0.0517947467923121,500.0,0.2998403653901534,0.4602906216446378,0.7630545291347738,0.15929140749705042,1.0522581918392648,0.15169766952969582,0.0,0.03754087090448039,59.668232712640574,91.59783370728299,0.0050251256281407
200.0,0.0517947467923121,1000.0,0.2998403653901534,0.44871028615875813,0.7608519991088084,0.15929140749705042,1.049457214865407,0.15214233728210197,0.0,0.03303642565616908,59.668232712640574,89.29334694559292,0.005025125628140701
200.0,0.08030857221391513,100.0,0.2998403653901534,0.5671210193102145,0.6186806471776193,0.1592914074970504,1.607537279171515,0.09932475939637735,1.1610968010709708e-17,0.052214530942926225,59.668232712640595,112.85708284273277,0.0050251256281407
200.0,0.08030857221391513,200.0,0.2998403653901534,0.5882774169017506,0.6074960091163999,0.1592914074970504,1.6027552854504648,0.09960884847527117,1.1610968010709708e-17,0.055283149717657284,59.668232712640595,117.06720596344843,0.005025125628140701
200.0,0.08030857221391513,500.0,0.2998403653901534,0.5783319765712917,0.621093052126863,0.15929140749705042,1.6072020151761541,0.09938472850901497,0.0,0.05462062132263769,59.668232712640574,115.08806333768703,0.005025125628140704
200.0,0.08030857221391513,1000.0,0.2998403653901534,0.5945717713336528,0.6054829123072667,0.15929140749705042,1.608920383178921,0.09928863414926559,0.0,0.055387034904915235,59.668232712640574,118.31978249539694,0.005025125628140702
200.0,0.12451970847350319,100.0,0.2998403653901534,0.8252857098971725,0.4339491655292618,0.1592914074970504,2.471332477466369,0.06462446696201693,1.1610968010709708e-17,0.07842785636063125,59.668232712640595,164.2318562695373,0.0050251256281407045
200.0,0.12451970847350319,200.0,0.2998403653901534,0.7863397079191945,0.44359351898235955,0.1592914074970504,2.4738879457751173,0.06456349971144654,1.1610968010709708e-17,0.0662561346181069,59.668232712640595,156.4816018759198,0.0050251256281407
200.0,0.12451970847350319,500.0,0.2998403653901534,0.8611290127410229,0.40102845372440393,0.15929140749705042,2.4902600837438005,0.06414978890687878,0.0,0.06828653658841306,59.668232712640574,171.36467353546365,0.005025125628140701
200.0,0.12451970847350319,1000.0,0.2998403653901534,0.8609019385084774,0.41541586216783094,0.15929140749705042,2.496537413459566,0.06395933247873149,0.0,0.08302907214581527,59.668232712640574,171.31948576318712,0.0050251256281407
200.0,0.19306977288832497,100.0,0.2998403653901534,1.2833290576886347,0.2759438660341906,0.1592914074970504,3.851564174330243,0.04150086069959186,1.1610968010709708e-17,0.11401992481041874,59.668232712640595,255.38248248003848,0.0050251256281407
200.0,0.19306977288832497,200.0,0.2998403653901534,1.3167967681156756,0.266592423983072,0.1592914074970504,3.844795669838291,0.04156463573407634,1.1610968010709708e-17,0.11566050499168226,59.668232712640595,262.0425568550196,0.0050251256281407
200.0,0.19306977288832497,500.0,0.2998403653901534,1.2823848942501177,0.2768507462448563,0.15929140749705042,3.862919778644411,0.04132663775258028,0.0,0.12121707406775208,59.668232712640574,255.1945939557736,0.0050251256281407
200.0,0.19306977288832497,1000.0,0.2998403653901534,1.2902585897230363,0.2680009480036457,0.15929140749705042,3.8236558882314298,0.041768317575649444,0.0,0.10468237809820984,59.668232712640574,256.76145935488427,0.005025125628140703
200.0,0.29935772947204903,100.0,0.2998403653901534,1.796737899366593,0.1929376788082569,0.1592914074970504,5.95931579804876,0.026801688618123667,1.1610968010709708e-17,0.1512020500691899,59.668232712640595,357.55084197395234,0.005025125628140698
200.0,0.29935772947204903,200.0,0.2998403653901534,1.8660905204413778,0.18901217134860573,0.1592914074970504,5.926882804890198,0.026936444071181037,1.1610968010709708e-17,0.18327101070748356,59.668232712640595,371.3520135678346,0.0050251256281406975
200.0,0.29935772947204903,500.0,0.2998403653901534,1.7804367341800578,0.197126790208785,0.15929140749705042,5.977548534935789,0.026709218377831134,0.0,0.17155150259175814,59.668232712640574,354.30691010183165,0.005025125628140701
200.0,0.29935772947204903,1000.0,0.2998403653901534,1.9745096228677792,0.17647976975609755,0.15929140749705042,5.961777181663331,0.026790005342420927,0.0,0.16201318569954437,59.668232712640574,392.9274149506883,0.005025125628140701
200.0,0.46415888336127775,100.0,0.2998403653901534,2.944493863983764,0.11938740987325025,0.1592914074970504,9.211421048521943,0.01732647163839062,1.1610968010709708e-17,0.25821518646611247,59.668232712640595,585.9542789327695,0.005025125628140699
200.0,0.46415888336127775,200.0,0.2998403653901534,2.9839740463420816,0.1187378622720903,0.1592914074970504,9.271764663196945,0.01722191185311628,1.1610968010709708e-17,0.2869900562842066,59.668232712640595,593.8108352220747,0.005025125628140699
200.0,0.46415888336127775,500.0,0.2998403653901534,2.7588438728771707,0.12343588100184219,0.15929140749705042,9.26243574988512,0.01724580244052054,0.0,0.20453406597382653,59.668232712640574,549.0099307025573,0.0050251256281407
200.0,0.46415888336127775,1000.0,0.2998403653901534,2.8936309266682976,0.12441123614910148,0.15929140749705042,9.29433568590701,0.017183185239960156,0.0,0.2825749142379009,59.668232712640574,575.8325544069917,0.005025125628140699
200.0,0.7196856730011514,100.0,0.2998403653901534,4.310707075864343,0.07964446683592344,0.1592914074970504,14.34843330998255,0.01112485576839341,1.1610968010709708e-17,0.346317694732971,59.668232712640595,857.830708097005,0.005025125628140699
200.0,0.7196856730011514,200.0,0.2998403653901534,4.509761216354332,0.08058648772520073,0.1592914074970504,14.44696966625248,0.011044986158241262,1.1610968010709708e-17,0.4410192974987254,59.668232712640595,897.4424820545127,0.0050251256281407
200.0,0.7196856730011514,500.0,0.2998403653901534,4.575323946848795,0.08003099833797195,0.15929140749705042,14.493487182263024,0.011014432530815986,0.0,0.4711693871425657,59.668232712640574,910.4894654229106,0.005025125628140701
200.0,0.7196856730011514,1000.0,0.2998403653901534,5.024812924772103,0.0697496231423027,0.15929140749705042,14.352089319655184,0.011129258004908018,0.0,0.4210617429929248,59.668232712640574,999.9377720296491,0.005025125628140701
200.0,1.115883992507748,100.0,0.2998403653901534,6.67397118988418,0.052919377757435694,0.1592914074970504,22.31679392668524,0.007155444858789151,1.1610968010709708e-17,0.5760740021405756,59.668232712640595,1328.1202667869522,0.005025125628140702
200.0,1.115883992507748,200.0,0.2998403653901534,7.332484003268599,0.048365684602162416,0.1592914074970504,22.52371123267704,0.007085720381410938,1.1610968010709708e-17,0.6489459778017292,59.668232712640595,1459.164316650452,0.0050251256281407
200.0,1.115883992507748,500.0,0.2998403653901534,7.67850880703976,0.046358974113087974,0.15929140749705042,22.479488662509667,0.007100390489174578,0.0,0.6906287847829574,59.668232712640574,1528.0232526009124,0.005025125628140703
200.0,1.115883992507748,1000.0,0.2998403653901534,7.316454717232132,0.04927609227540794,0.15929140749705042,22.255234131758677,0.007174937740836191,0.0,0.6933116330828056,59.668232712640574,1455.9744887291945,0.005025125628140703
200.0,1.7301957388458944,100.0,0.2998403653901534,11.081930757233877,0.031200295186124712,0.1592914074970504,34.32095635616152,0.004650927088301297,1.1610968010709708e-17,0.9116908078523286,59.668232712640595,2205.3042206895425,0.005025125628140701
200.0,1.7301957388458944,200.0,0.2998403653901534,11.390520659260499,0.030735463605200096,0.1592914074970504,34.66588446245336,0.004606826233820277,1.1610968010709708e-17,1.0283411398548816,59.668232712640595,2266.7136111928417,0.005025125628140698
200.0,1.7301957388458944,500.0,0.2998403653901534,11.111219434212524,0.031697056021526324,0.15929140749705042,34.76967766493294,0.004595381957928893,0.0,0.9564887903188498,59.668232712640574,2211.132667408293,0.005025125628140702
200.0,1.7301957388458944,1000.0,0.2998403653901534,10.994373541322057,0.03246161765484438,0.15929140749705042,34.45823658498449,0.004633460848472884,0.0,0.9277511850162283,59.668232712640574,2187.8803347230896,0.005025125628140703
200.0,2.6826957952797246,100.0,0.2998403653901534,16.83117245735067,0.020976998119827246,0.1592914074970504,53.71039754984844,0.0029734535356191116,1.1610968010709708e-17,1.5088315544325654,59.668232712640595,3349.4033190127857,0.0050251256281407
200.0,2.6826957952797246,200.0,0.2998403653901534,17.317549645796163,0.020773500330327068,0.1592914074970504,53.88234731336328,0.0029610502627114236,1.1610968010709708e-17,1.6692571514957162,59.668232712640595,3446.1923795134408,0.0050251256281406975
200.0,2.6826957952797246,500.0,0.2998403653901534,17.48426492784132,0.02047366128629255,0.15929140749705042,53.80644148923895,0.0029684396440668235,0.0,1.564619466107917,59.668232712640574,3479.368720640424,0.005025125628140702
200.0,2.6826957952797246,1000.0,0.2998403653901534,17.37519801341712,0.02025522604614067,0.15929140749705042,53.60067748235666,0.002979438085333295,0.0,1.5404796411738215,59.668232712640574,3457.664404670008,0.005025125628140702
200.0,4.159562163071843,100.0,0.2998403653901534,27.97140048146844,0.012700932112476814,0.1592914074970504,82.97733391913405,0.0019253004338878538,1.1610968010709708e-17,2.450517339640375,59.668232712640595,5566.30869581222,0.005025125628140703
200.0,4.159562163071843,200.0,0.2998403653901534,27.7650775114204,0.013148266133726978,0.1592914074970504,83.20492769374212,0.0019186007312402397,1.1610968010709708e-17,2.623772069231596,59.668232712640595,5525.250424772663,0.005025125628140701
200.0,4.159562163071843,500.0,0.2998403653901534,27.648849019623626,0.013029787859913416,0.15929140749705042,83.28913953871839,0.0019196772826942474,0.0,2.6990500363720997,59.668232712640574,5502.120954905105,0.005025125628140701
200.0,4.159562163071843,1000.0,0.2998403653901534,24.845611262230022,0.01419284233028395,0.15929140749705042,83.97507278585097,0.0019015675756265684,0.0,2.2581111712283017,59.668232712640574,4944.27664118378,0.0050251256281406975
200.0,6.449466771037621,100.0,0.2998403653901534,39.38052743955396,0.00855058962977162,0.1592914074970504,129.49729444751796,0.0012339968862889175,1.1610968010709708e-17,3.1315182786027,59.668232712640595,7836.724960471241,0.005025125628140702
200.0,6.449466771037621,200.0,0.2998403653901534,41.27548938954574,0.00856560543123032,0.1592914074970504,128.44428094037275,0.0012436700484251197,1.1610968010709708e-17,3.694218957686593,59.668232712640595,8213.82238851961,0.005025125628140699
200.0,6.449466771037621,500.0,0.2998403653901534,39.88468583645832,0.008651135278831174,0.15929140749705042,129.63583547677234,0.0012317287566640514,0.0,3.3760104782301275,59.668232712640574,7937.052481455209,0.005025125628140701
200.0,6.449466771037621,1000.0,0.2998403653901534,41.85553126764318,0.00844730469183313,0.15929140749705042,128.06410056048776,0.0012467508954485198,0.0,3.7719130168785915,59.668232712640574,8329.250722261002,0.0050251256281406975
200.0,10.0,100.0,0.2998403653901534,61.887669786535646,0.005518692417855171,0.1592914074970504,196.85142035101546,0.000811598580392296,1.1610968010709708e-17,5.245386323546871,59.668232712640595,12315.646287520609,0.0050251256281406975
200.0,10.0,200.0,0.2998403653901534,63.237891282007524,0.0055509098303102265,0.1592914074970504,199.22358377968473,0.0008013976584692017,1.1610968010709708e-17,5.499435755320384,59.668232712640595,12584.340365119504,0.005025125628140701
200.0,10.0,500.0,0.2998403653901534,67.44258131866302,0.005309519746488315,0.15929140749705042,199.92762217070086,0.0007989994431621389,0.0,6.267160301445391,59.668232712640574,13421.073682413942,0.005025125628140703
200.0,10.0,1000.0,0.2998403653901534,63.9170948924594,0.005687414803885472,0.15929140749705042,200.6747932514244,0.000796224373030402,0.0,6.67223726623456,59.668232712640574,12719.501883599427,0.005025125628140701
500.0,0.001,100.0,0.2998314810751504,0.3008109409043032,0.9975465065068222,0.10059446786553769,0.10560529017137793,0.9526909566977512,0.0,0.0017834844417000345,149.61590905649976,150.10465951124738,0.002004008016032063
500.0,0.001,200.0,0.2998314810751504,0.2991148363600053,1.0029724573542436,0.10059446786553769,0.10526846608069534,0.9557756157347154,0.0,0.0014895327060317218,149.61590905649976,149.25830334364272,0.002004008016032063
500.0,0.001,500.0,0.29983148107515045,0.3012520373413012,0.9961892323866036,0.10059446786553763,0.1055530579185896,0.95320467018819,0.0,0.00189889973082921,149.61590905649993,150.3247666333093,0.002004008016032064
500.0,0.001,1000.0,0.29983148107515045,0.30244005596299667,0.9922588856538681,0.10059446786553763,0.1057372216859706,0.9514987181722215,0.0,0.0018940266863332119,149.61590905649993,150.91758792553537,0.0020040080160320635
500.0,0.0015505157798326253,100.0,0.2998314810751504,0.3032372993769026,0.9908410999385034,0.10059446786553769,0.11220722203910798,0.8967865804183149,0.0,0.002896965897016719,149.61590905649976,151.31541238907442,0.0020040080160320635
500.0,0.0015505157798326253,200.0,0.2998314810751504,0.3030960358827079,0.990811984089564,0.10059446786553769,0.11221599484914357,0.8967814034688683,0.0,0.002539285325552584,149.61590905649976,151.2449219054713,0.002004008016032063
500.0,0.0015505157798326253,500.0,0.29983148107515045,0.3006177955214266,0.9990880044126965,0.10059446786553763,0.11150052597905409,0.902537673222892,0.0,0.002579631448334799,149.61590905649993,150.00827996519192,0.0020040080160320635
500.0,0.0015505157798326253,1000.0,0.29983148107515045,0.299894006821198,1.0016045418097774,0.10059446786553763,0.11181916058239931,0.8998727925573462,0.0,0.0026672351228674263,149.61590905649993,149.64710940377785,0.0020040080160320635
500.0,0.002404099183509972,100.0,0.2998314810751504,0.30327027013301927,0.9924124862816215,0.10059446786553769,0.1256882797912448,0.800883548362505,0.0,0.0038912307837343156,149.61590905649976,151.33186479637666,0.0020040080160320635
500.0,0.002404099183509972,200.0,0.2998314810751504,0.3020668737215962,0.9969570998920569,0.10059446786553769,0.12606305229230855,0.7984300592099589,0.0,0.004167677678752205,149.61590905649976,150.7313699870766,0.002004008016032063
500.0,0.002404099183509972,500.0,0.29983148107515045,0.30579649621655713,0.9844301615077461,0.10059446786553763,0.12635684690888374,0.7964662700920829,0.0,0.004093958228147652,149.61590905649993,152.59245161206206,0.0020040080160320635
500.0,0.002404099183509972,1000.0,0.29983148107515045,0.3016031732405995,0.9977387808396209,0.10059446786553763,0.1263530057077844,0.7966552630628082,0.0,0.0038022581668157134,149.61590905649993,150.49998344705918,0.0020040080160320635
500.0,0.003727593720314938,100.0,0.2998314810751504,0.30304512081335777,0.999426475033744,0.10059446786553769,0.15499936238831133,0.6495457180088069,0.0,0.0063740056716298675,149.61590905649976,151.21951528586558,0.0020040080160320635
500.0,0.003727593720314938,200.0,0.2998314810751504,0.3084611993779379,0.9806399308396526,0.10059446786553769,0.1552606705969786,0.6484735742042923,0.0,0.006068286524253776,149.61590905649976,153.9221384895911,0.002004008016032063
500.0,0.003727593720314938,500.0,0.29983148107515045,0.30729838269951026,0.9847329102490106,0.10059446786553763,0.15452044505648133,0.6514435249871948,0.0,0.006078551150469316,149.61590905649993,153.34189296705566,0.0020040080160320635
500.0,0.003727593720314938,1000.0,0.29983148107515045,0.3055115578552257,0.9914948604581052,0.10059446786553763,0.15498649735265524,0.6495577354921492,0.0,0.006529160447280555,149.61590905649993,152.45026736975765,0.002004008016032064
500.0,0.005779692884153313,100.0,0.2998314810751504,0.31575163703135206,0.9676621947766386,0.10059446786553769,0.20830217109293073,0.48338882878368644,0.0,0.00914556614384002,149.61590905649976,157.5600668786447,0.002004008016032064
500.0,0.005779692884153313,200.0,0.2998314810751504,0.31714291286794216,0.9642681271589174,0.10059446786553769,0.20795681220678247,0.48435468439362284,0.0,0.009182077704581891,149.61590905649976,158.2543135211032,0.0020040080160320635
500.0,0.005779692884153313,500.0,0.29983148107515045,0.31356969694644976,0.9777302309377645,0.10059446786553763,0.2071314993977453,0.48613433522408384,0.0,0.009538110219697783,149.61590905649993,156.4712787762785,0.002004008016032063
500.0,0.005779692884153313,1000.0,0.29983148107515045,0.32376178121963745,0.9432478877419748,0.10059446786553763,0.20921931998660565,0.4812304903898182,0.0,0.009062279104979342,149.61590905649993,161.55712882859913,0.0020040080160320635
500.0,0.00896150501946605,100.0,0.2998314810751504,0.3254192582644564,0.9613762832551184,0.10059446786553769,0.30046723174047824,0.335089939704782,0.0,0.014072570383776255,149.61590905649976,162.38420987396384,0.0020040080160320627
500.0,0.00896150501946605,200.0,0.2998314810751504,0.31873609193388086,0.9787666466190482,0.10059446786553769,0.30037922672713724,0.33513553531055223,0.0,0.013160124671001142,149.61590905649976,159.04930987500663,0.002004008016032063
500.0,0.00896150501946605,500.0,0.29983148107515045,0.33212560021926374,0.943640914544626,0.10059446786553763,0.3018977708272817,0.3335994770547394,0.0,0.014512711379368867,149.61590905649993,165.73067450941264,0.002004008016032064
500.0,0.00896150501946605,1000.0,0.29983148107515045,0.3377746441078655,0.9272224469703838,0.10059446786553763,0.30203180707605964,0.33332456746040856,0.0,0.014581230613013483,149.61590905649993,168.54954740982495,0.0020040080160320635
500.0,0.013894954943731374,100.0,0.2998314810751504,0.3402990428347297,0.9448710557748333,0.10059446786553769,0.4495146246541706,0.22400362548791314,0.0,0.018722868300003533,149.61590905649976,169.8092223745304,0.002004008016032061
500.0,0.013894954943731374,200.0,0.2998314810751504,0.3560481510546124,0.8989688696346897,0.10059446786553769,0.4523352882421823,0.22259631569959082,0.0,0.019690673782538748,149.61590905649976,177.6680273762517,0.002004008016032063
500.0,0.013894954943731374,500.0,0.29983148107515045,0.3423054121047915,0.9385395040277709,0.10059446786553763,0.4507382018497368,0.22342852592692744,0.0,0.019217988220159802,149.61590905649993,170.81040064029096,0.002004008016032064
500.0,0.013894954943731374,1000.0,0.29983148107515045,0.3329185654198592,0.9823460573969901,0.10059446786553763,0.4514214392256791,0.22302586542059713,0.0,0.020717090873347922,149.61590905649993,166.12636414450972,0.0020040080160320644
500.0,0.021544346900318832,100.0,0.2998314810751504,0.3995245455323559,0.8697135674676163,0.10059446786553769,0.6940974681049749,0.1450608064938392,0.0,0.03341473512493056,149.61590905649976,199.3627482206458,0.002004008016032062
500.0,0.021544346900318832,200.0,0.2998314810751504,0.37305942683029136,0.9064294759638003,0.10059446786553769,0.6912794771716133,0.14565914350608533,0.0,0.02646127688780664,149.61590905649976,186.15665398831555,0.0020040080160320622
500.0,0.021544346900318832,500.0,0.29983148107515045,0.40024417128917306,0.8460095128349239,0.10059446786553763,0.6852287778196083,0.14697298310483137,0.0,0.028940861098892726,149.61590905649993,199.72184147329747,0.002004008016032063
500.0,0.021544346900318832,1000.0,0.29983148107515045,0.3574190221584205,0.9589670998901297,0.10059446786553763,0.6883755745474702,0.1462362451413471,0.0,0.028064455888746814,149.61590905649993,178.35209205705195,0.0020040080160320627
500.0,0.03340484983513244,100.0,0.2998314810751504,0.4354731781284516,0.8094833534579959,0.10059446786553769,1.0566790813921414,0.09531835291723147,0.0,0.0392417785305667,149.61590905649976,217.30111588609748,0.002004008016032063
500.0,0.03340484983513244,200.0,0.2998314810751504,0.4629701073933324,0.7594369777957656,0.10059446786553769,1.0558080182016267,0.09536032585207542,0.0,0.03851147552001441,149.61590905649976,231.02208358927294,0.0020040080160320635
500.0,0.03340484983513244,500.0,0.29983148107515045,0.48665159896098875,0.7452964727076251,0.10059446786553763,1.064837346828214,0.09457429381899622,0.0,0.045450431954834586,149.61590905649993,242.83914788153365,0.002004008016032062
500.0,0.03340484983513244,1000.0,0.29983148107515045,0.4449901072453808,0.7752998618626118,0.10059446786553763,1.0610818175578864,0.09489131031956621,0.0,0.034396772479299724,149.61590905649993,222.05006351544506,0.0020040080160320635
500.0,0.0517947467923121,100.0,0.2998314810751504,0.6511375679229796,0.5521576001511996,0.10059446786553769,1.6458487336229566,0.06118713353999003,0.0,0.06210639645933165,149.61590905649976,324.917646393567,0.002004008016032063
500.0,0.0517947467923121,200.0,0.2998314810751504,0.5723643086181976,0.6227161644554918,0.10059446786553769,1.6291362478171993,0.0618238822376473,0.0,0.05108348493348132,149.61590905649976,285.60979000048076,0.002004008016032063
500.0,0.0517947467923121,500.0,0.29983148107515045,0.6037811439407634,0.5757062954769939,0.10059446786553763,1.6444558011579027,0.061219746914219234,0.0,0.052267942792556345,149.61590905649993,301.2867908264411,0.002004008016032063
500.0,0.0517947467923121,1000.0,0.29983148107515045,0.5897399784243997,0.5908618587789121,0.10059446786553763,1.6398525952714373,0.06143004966001446,0.0,0.05158663430676199,149.61590905649993,294.2802492337758,0.002004008016032062
500.0,0.08030857221391513,100.0,0.2998314810751504,0.8863780149707696,0.397202396140881,0.10059446786553769,2.5490623940072834,0.03949253836477768,0.0,0.07744008214314635,149.61590905649976,442.3026294704148,0.002004008016032061
500.0,0.08030857221391513,200.0,0.2998314810751504,0.8969769953003477,0.391724260828316,0.10059446786553769,2.525546314409832,0.0398703565187496,0.0,0.07892318735029087,149.61590905649976,447.5915206548736,0.0020040080160320635
500.0,0.08030857221391513,500.0,0.29983148107515045,0.8145580797838106,0.4275287709216766,0.10059446786553763,2.5531648086478604,0.039438688351386836,0.0,0.06705240382762001,149.61590905649993,406.46448181212224,0.0020040080160320605
500.0,0.08030857221391513,1000.0,0.29983148107515045,0.8744311866486707,0.406402542606657,0.10059446786553763,2.5498894208453446,0.039491237606167594,0.0,0.07666979062647454,149.61590905649993,436.34116213768743,0.0020040080160320605
500.0,0.12451970847350319,100.0,0.2998314810751504,1.2466117149913611,0.28249746046117435,0.10059446786553769,3.9451479811634376,0.025529581399439342,0.0,0.10905028018127745,149.61590905649976,622.0592457806893,0.002004008016032064
500.0,0.12451970847350319,200.0,0.2998314810751504,1.2508573947155406,0.2859595724796902,0.10059446786553769,3.9217370518889845,0.025668486564078753,0.0,0.1211727043008948,149.61590905649976,624.1778399630554,0.0020040080160320622
500.0,0.12451970847350319,500.0,0.29983148107515045,1.261680453643799,0.28000093910446844,0.10059446786553763,3.9513193136504476,0.025484931210621228,0.0,0.1146757211414443,149.61590905649993,629.5785463682565,0.002004008016032062
500.0,0.12451970847350319,1000.0,0.29983148107515045,1.2022803094861931,0.2872062130375,0.10059446786553763,3.940276072456969,0.02555212300539313,0.0,0.09774243813413683,149.61590905649993,599.9378744336104,0.002004008016032064
500.0,0.19306977288832497,100.0,0.2998314810751504,1.9733928288074474,0.17736467547598042,0.10059446786553769,6.132955262128565,0.01641725214288395,0.0,0.1668273877051302,149.61590905649976,984.7230215749166,0.0020040080160320635
500.0,0.19306977288832497,200.0,0.2998314810751504,1.873128691571768,0.18273051688917513,0.10059446786553769,6.129989838482242,0.016425664839109098,0.0,0.1513255325237987,149.61590905649976,934.6912170943126,0.002004008016032063
500.0,0.19306977288832497,500.0,0.29983148107515045,2.0823054693703025,0.17270990038738174,0.10059446786553763,6.094172028205004,0.01652157291790594,0.0,0.19622902979166001,149.61590905649993,1039.070429215783,0.00200400801603206
500.0,0.19306977288832497,1000.0,0.29983148107515045,1.9860947096464168,0.1824453170725472,0.10059446786553763,6.0931567741446475,0.01652660487204769,0.0,0.20055884495365092,149.61590905649993,991.0612601135631,0.002004008016032062
500.0,0.29935772947204903,100.0,0.2998314810751504,2.9896088746038627,0.11955720063795053,0.10059446786553769,9.410269179709895,0.010704428676928734,0.0,0.28941004391742814,149.61590905649976,1491.814828427328,0.0020040080160320635
500.0,0.29935772947204903,200.0,0.2998314810751504,2.9743356044484095,0.11777391051238376,0.10059446786553769,9.425667692777587,0.010683390040831749,0.0,0.2653460753096893,149.61590905649976,1484.1934666197571,0.002004008016032063
500.0,0.29935772947204903,500.0,0.29983148107515045,2.955105271570606,0.12298483733372187,0.10059446786553763,9.438005706276892,0.010668215263566861,0.0,0.2766714306635199,149.61590905649993,1474.5975305137326,0.002004008016032064
500.0,0.29935772947204903,1000.0,0.29983148107515045,2.904815978670165,0.12248794713692143,0.10059446786553763,9.504427535872061,0.01059527176421482,0.0,0.272150438088095,149.61590905649993,1449.5031733564124,0.002004008016032064
500.0,0.46415888336127775,100.0,0.2998314810751504,4.670911757523566,0.07439650138644163,0.10059446786553769,14.67348630002279,0.006862298333541608,0.0,0.3764918030182965,149.61590905649976,2330.7849670042624,0.0020040080160320614
500.0,0.46415888336127775,200.0,0.2998314810751504,4.41585759747096,0.07868133084846515,0.10059446786553769,14.702294351191458,0.006850499638133406,0.0,0.37557815788071064,149.61590905649976,2203.5129411380112,0.0020040080160320622
500.0,0.46415888336127775,500.0,0.29983148107515045,4.539539383802055,0.07596714173376168,0.10059446786553763,14.647552191695276,0.006874155701281962,0.0,0.37352986356047174,149.61590905649993,2265.230152517227,0.0020040080160320627
500.0,0.46415888336127775,1000.0,0.29983148107515045,4.794988652841601,0.07572239762438202,0.10059446786553763,14.59600257783974,0.0068979408956520724,0.0,0.4748120327858634,149.61590905649993,2392.699337767964,0.0020040080160320596
500.0,0.7196856730011514,100.0,0.2998314810751504,7.0304410733198655,0.04925912331131287,0.10059446786553769,22.726781582503452,0.00443015538425441,0.0,0.5904439296905203,149.61590905649976,3508.190095586621,0.0020040080160320596
500.0,0.7196856730011514,200.0,0.2998314810751504,7.097867460077469,0.04914516434264006,0.10059446786553769,22.701780686685527,0.004435210858214107,0.0,0.5974885315564603,149.61590905649976,3541.8358625786573,0.002004008016032064
500.0,0.7196856730011514,500.0,0.29983148107515045,6.989111654218268,0.04982442510643174,0.10059446786553763,22.652760004258088,0.004446056276849435,0.0,0.6052522746532295,149.61590905649993,3487.566715454922,0.0020040080160320605
500.0,0.7196856730011514,1000.0,0.29983148107515045,7.448473020817014,0.04844287965837321,0.10059446786553763,22.81559279296434,0.004412998173670072,0.0,0.7022718064561658,149.61590905649993,3716.7880373876933,0.0020040080160320622
500.0,1.115883992507748,100.0,0.2998314810751504,11.454753566534336,0.03101087212429391,0.10059446786553769,35.527320776662286,0.0028344150024401282,0.0,1.0944411598145471,149.61590905649976,5715.922029700637,0.002004008016032063
500.0,1.115883992507748,200.0,0.2998314810751504,11.246426511650402,0.030883526506781868,0.10059446786553769,35.28783208887459,0.0028537873224091636,0.0,0.9215948680645442,149.61590905649976,5611.966829313555,0.0020040080160320627
500.0,1.115883992507748,500.0,0.29983148107515045,10.518901346784043,0.03347964493093894,0.10059446786553763,35.156033292924235,0.0028646540282363264,0.0,0.9434566498349368,149.61590905649993,5248.931772045243,0.0020040080160320622
500.0,1.115883992507748,1000.0,0.29983148107515045,11.220720323674243,0.0306727545396548,0.10059446786553763,35.18800639304461,0.0028619546454175453,0.0,0.9196561495295043,149.61590905649993,5599.139441513452,0.0020040080160320627
500.0,1.7301957388458944,100.0,0.2998314810751504,16.068973344968185,0.021864728379822805,0.10059446786553769,54.280005720726656,0.0018544559236450802,0.0,1.4546591382978762,149.61590905649976,8018.417699139137,0.002004008016032061
500.0,1.7301957388458944,200.0,0.2998314810751504,17.570664357330543,0.019727253609129195,0.10059446786553769,54.47764086114808,0.001848269210440928,0.0,1.4878745533467763,149.61590905649976,8767.761514307957,0.0020040080160320605
500.0,1.7301957388458944,500.0,0.29983148107515045,16.143301881185167,0.02150033204246594,0.10059446786553763,54.788835397623274,0.0018373964602844983,0.0,1.3193913783220816,149.61590905649993,8055.507638711403,0.002004008016032063
500.0,1.7301957388458944,1000.0,0.29983148107515045,16.205824351862777,0.021651539474531783,0.10059446786553763,54.65836537626749,0.001842314445606231,0.0,1.4257881990542807,149.61590905649993,8086.706351579537,0.0020040080160320614
500.0,2.6826957952797246,100.0,0.2998314810751504,28.580496689261714,0.01322511894267072,0.10059446786553769,84.76766651419165,0.001187868058144514,0.0,3.1816082893838593,149.61590905649976,14261.667847941597,0.002004008016032064
500.0,2.6826957952797246,200.0,0.2998314810751504,26.46054272349159,0.013089237865171608,0.10059446786553769,84.8487592130716,0.0011866567347888835,0.0,2.168992511058113,149.61590905649976,13203.810819022308,0.002004008016032063
500.0,2.6826957952797246,500.0,0.29983148107515045,27.32232167619522,0.012938920477138962,0.10059446786553763,85.07081881338749,0.001183512316799138,0.0,2.5336264298390625,149.61590905649993,13633.83851642144,0.0020040080160320605
500.0,2.6826957952797246,1000.0,0.29983148107515045,25.19194714892049,0.013514730742388905,0.10059446786553763,84.92167606285732,0.0011857393677053277,0.0,1.9898471305891754,149.61590905649993,12570.781627311346,0.002004008016032061
500.0,4.159562163071843,100.0,0.2998314810751504,42.21129097249091,0.008468210574871692,0.10059446786553769,131.35815224781356,0.0007664682100573454,0.0,4.0119995540610915,149.61590905649976,21063.434195272963,0.002004008016032064
500.0,4.159562163071843,200.0,0.2998314810751504,39.71182869812921,0.008691064459645454,0.10059446786553769,131.09526538401883,0.0007682788057438616,0.0,3.4811404105003545,149.61590905649976,19816.202520366463,0.0020040080160320653
500.0,4.159562163071843,500.0,0.29983148107515045,43.05885175760996,0.008170748787766023,0.10059446786553763,130.56628829610224,0.0007711030084945067,0.0,4.027448694057194,149.61590905649993,21486.367027047407,0.0020040080160320605
500.0,4.159562163071843,1000.0,0.29983148107515045,41.27493305263147,0.008603809490098589,0.10059446786553763,131.5882418190462,0.0007651453338655854,0.0,3.757695160794883,149.61590905649993,20596.191593263135,0.002004008016032061
500.0,6.449466771037621,100.0,0.2998314810751504,60.8464242064844,0.00569345497469554,0.10059446786553769,204.21350262936593,0.0004932343560929671,0.0,5.53334285634838,149.61590905649976,30362.365679035727,0.0020040080160320635
500.0,6.449466771037621,200.0,0.2998314810751504,64.5240537354745,0.005525788177504582,0.10059446786553769,204.07932670003564,0.000493487730862462,0.0,6.252045114005646,149.61590905649976,32197.502814001786,0.0020040080160320635
500.0,6.449466771037621,500.0,0.29983148107515045,61.679977757936385,0.0057194607079672334,0.10059446786553763,204.12221101382482,0.0004933449505752456,0.0,5.4179042316706845,149.61590905649993,30778.308901210294,0.002004008016032062
500.0,6.449466771037621,1000.0,0.29983148107515045,61.6170390505919,0.005742866403096263,0.10059446786553763,204.1224259914687,0.0004934095176751158,0.0,5.859037349271296,149.61590905649993,30746.90248624541,0.002004008016032061
500.0,10.0,100.0,0.2998314810751504,99.31604549165573,0.003591642716977569,0.10059446786553769,315.05086415498056,0.00031962227056481067,0.0,8.622307457861565,149.61590905649976,49558.70670033626,0.0020040080160320622
500.0,10.0,200.0,0.2998314810751504,97.54114869288566,0.0036104495590806225,0.10059446786553769,313.5346075813907,0.0003211378392524776,0.0,8.722501349335746,149.61590905649976,48673.033197749995,0.002004008016032062
500.0,10.0,500.0,0.29983148107515045,97.48285685798832,0.003745805756009032,0.10059446786553763,316.49127857650905,0.0003182104300256292,0.0,10.092510564242128,149.61590905649993,48643.945572136225,0.0020040080160320622
500.0,10.0,1000.0,0.29983148107515045,97.87449266293062,0.003600830765618568,0.10059446786553763,318.26981253202285,0.000316394473367913,0.0,9.447593799886883,149.61590905649993,48839.371838802435,0.002004008016032062
1000.0,0.001,100.0,0.2998284654050703,0.3025211331978767,0.9922544028718648,0.07109572559610171,0.08404575498968204,0.8461545346138765,1.1610968010709708e-17,0.0021581636061655035,299.5286369396649,302.2186120646789,0.0010010010010010008
1000.0,0.001,200.0,0.2998284654050703,0.30097827561224905,0.9977083258527868,0.07109572559610171,0.08391691956391487,0.8474275391246833,1.1610968010709708e-17,0.002462888460114804,299.5286369396649,300.67729733663685,0.0010010010010010008
1000.0,0.001,500.0,0.2998284654050705,0.297586882426071,1.0094604155320457,0.0710957255961017,0.08367501156975925,0.8499086121419589,1.1610968010709708e-17,0.002726841357010551,299.5286369396649,297.28929554364504,0.0010010010010010006
1000.0,0.001,1000.0,0.2998284654050705,0.302175007030934,0.9938026886813102,0.0710957255961017,0.08409985654530582,0.8455412359809981,1.1610968010709708e-17,0.002514264341700004,299.5286369396649,301.872832023903,0.001001001001001001
1000.0,0.0015505157798326253,100.0,0.2998284654050703,0.30309510387206484,0.9921181806174882,0.07109572559610171,0.09933470668995902,0.7160262553505454,1.1610968010709708e-17,0.003438016140381639,299.5286369396649,302.7920087681928,0.001001001001001001
1000.0,0.0015505157798326253,200.0,0.2998284654050703,0.3035117239330962,0.9909491755701842,0.07109572559610171,0.09944312163357269,0.7152182136813964,1.1610968010709708e-17,0.0035341893282016183,299.5286369396649,303.20821220916315,0.001001001001001001
1000.0,0.0015505157798326253,500.0,0.2998284654050705,0.3044045307343462,0.9881468934085436,0.0710957255961017,0.09956661305817502,0.7142999152932867,1.1610968010709708e-17,0.003621162297443064,299.5286369396649,304.100126203612,0.0010010010010010006
1000.0,0.0015505157798326253,1000.0,0.2998284654050705,0.30505124470535067,0.9862075795912573,0.0710957255961017,0.09924455544500299,0.716610699347708,1.1610968010709708e-17,0.0037153183958137694,299.5286369396649,304.7461934606453,0.001001001001001001
1000.0,0.002404099183509972,100.0,0.2998284654050703,0.30402102627916144,0.9952562500868147,0.07109572559610171,0.12867657490028137,0.5527603475176024,1.1610968010709708e-17,0.00614068609916072,299.5286369396649,303.7170052528824,0.0010010010010010006
1000.0,0.002404099183509972,200.0,0.2998284654050703,0.29441023033163705,1.0266475924767626,0.07109572559610171,0.1285450304890098,0.5532898488723318,1.1610968010709708e-17,0.005419431753261127,299.5286369396649,294.11582010130553,0.0010010010010010006
1000.0,0.002404099183509972,500.0,0.2998284654050705,0.3097489398495463,0.9760205163128094,0.0710957255961017,0.12924006485475542,0.5503730639180953,1.1610968010709708e-17,0.005857074354574624,299.5286369396649,309.43919090969683,0.0010010010010010008
1000.0,0.002404099183509972,1000.0,0.2998284654050705,0.3066456133045587,0.9868977233616429,0.0710957255961017,0.12848285700075424,0.5535964962445337,1.1610968010709708e-17,0.006161374332618638,299.5286369396649,306.3389676912543,0.0010010010010010003
1000.0,0.003727593720314938,100.0,0.2998284654050703,0.30569248105517366,1.0026044711729134,0.07109572559610171,0.1814434951470802,0.39203394774669326,1.1610968010709708e-17,0.009439583797185328,299.5286369396649,305.38678857411867,0.0010010010010010003
1000.0,0.003727593720314938,200.0,0.2998284654050703,0.31702645224682874,0.9586556005925394,0.07109572559610171,0.1812786794039195,0.39235308726184903,1.1610968010709708e-17,0.007819410430557356,299.5286369396649,316.70942579458205,0.0010010010010010006
1000.0,0.003727593720314938,500.0,0.2998284654050705,0.3124869049319747,0.9790363933704687,0.0710957255961017,0.18083033687867445,0.3933579209060348,1.1610968010709708e-17,0.009171021644603056,299.5286369396649,312.1744180270428,0.0010010010010010006
1000.0,0.003727593720314938,1000.0,0.2998284654050705,0.31495790854823746,0.9695040263418858,0.0710957255961017,0.1815018762133096,0.3918508385173347,1.1610968010709708e-17,0.008792146519220502,299.5286369396649,314.6429506396893,0.0010010010010010008
1000.0,0.005779692884153313,100.0,0.2998284654050703,0.30737381396566654,1.01098364814976,0.07109572559610171,0.2680701611533313,0.2653390542425988,1.1610968010709708e-17,0.011765526690684707,299.5286369396649,307.06644015170093,0.0010010010010010008
1000.0,0.005779692884153313,200.0,0.2998284654050703,0.3227948609589199,0.963728969692146,0.07109572559610171,0.2685376399712693,0.26489286282685554,1.1610968010709708e-17,0.012862230351149237,299.5286369396649,322.47206609796126,0.0010010010010010001
1000.0,0.005779692884153313,500.0,0.2998284654050705,0.3254017351475206,0.9523332265693185,0.0710957255961017,0.2680605397306218,0.26535730398978996,1.1610968010709708e-17,0.011971084714275106,299.5286369396649,325.07633341237323,0.0010010010010010006
1000.0,0.005779692884153313,1000.0,0.2998284654050705,0.3176964897834672,0.973447004925892,0.0710957255961017,0.26753355608080964,0.26587625828052436,1.1610968010709708e-17,0.011476073260687458,299.5286369396649,317.3787932936838,0.0010010010010010008
1000.0,0.00896150501946605,100.0,0.2998284654050703,0.3418902536585776,0.9682840363585967,0.07109572559610171,0.4089175189803966,0.17396841385835957,1.1610968010709708e-17,0.020907104610752656,299.5286369396649,341.5483634049193,0.0010010010010010001
1000.0,0.00896150501946605,200.0,0.2998284654050703,0.3407795299279746,0.9548347153438475,0.07109572559610171,0.40795213112033657,0.17436567343909076,1.1610968010709708e-17,0.02034658078199789,299.5286369396649,340.4387503980469,0.0010010010010010001
1000.0,0.00896150501946605,500.0,0.2998284654050705,0.3288550040386239,0.9886736542920385,0.0710957255961017,0.40612247092124354,0.17513524521746823,1.1610968010709708e-17,0.018901974756444295,299.5286369396649,328.5261490345854,0.0010010010010010006
1000.0,0.00896150501946605,1000.0,0.2998284654050705,0.3303473601810061,0.9683618810283139,0.0710957255961017,0.4056972253676229,0.17532346460815934,1.1610968010709708e-17,0.017498853207507385,299.5286369396649,330.01701282082513,0.0010010010010010008
1000.0,0.013894954943731374,100.0,0.2998284654050703,0.39328838704026003,0.8449725795545386,0.07109572559610171,0.6241183953159073,0.11396661580357616,1.1610968010709708e-17,0.0275176121065484,299.5286369396649,392.89509865322026,0.0010010010010009997
1000.0,0.013894954943731374,200.0,0.2998284654050703,0.36615275181580453,0.9328299642571047,0.07109572559610171,0.625061319919514,0.11378684683614683,1.1610968010709708e-17,0.028830955817495264,299.5286369396649,365.7865990639886,0.0010010010010010014
1000.0,0.013894954943731374,500.0,0.2998284654050705,0.3779847366348426,0.9017931187519903,0.0710957255961017,0.6248016718182102,0.11384929248132558,1.1610968010709708e-17,0.027662842261577513,299.5286369396649,377.6067518982079,0.0010010010010010006
1000.0,0.013894954943731374,1000.0,0.2998284654050705,0.36579225502825813,0.9286853265120686,0.0710957255961017,0.6244842047355964,0.11389629406160971,1.1610968010709708e-17,0.025533783604504715,299.5286369396649,365.42646277322984,0.001001001001001001
1000.0,0.021544346900318832,100.0,0.2998284654050703,0.4414621054531651,0.8241921081741904,0.07109572559610171,0.9658345253566157,0.07363795084542124,1.1610968010709708e-17,0.039834126120185456,299.5286369396649,441.02064334771256,0.0010010010010009997
1000.0,0.021544346900318832,200.0,0.2998284654050703,0.3983413221320171,0.8755379821701732,0.07109572559610171,0.9622336075540484,0.07391600854574074,1.1610968010709708e-17,0.03267583384538924,299.5286369396649,397.9429808098854,0.0010010010010010003
1000.0,0.021544346900318832,500.0,0.2998284654050705,0.45348560856902576,0.7774839074303628,0.0710957255961017,0.9651618260339154,0.07370310317252214,1.1610968010709708e-17,0.03872735134558084,299.5286369396649,453.03212296045706,0.0010010010010010003
1000.0,0.021544346900318832,1000.0,0.2998284654050705,0.4807842199027565,0.7336434038374294,0.0710957255961017,0.9638658425323411,0.0737985630447166,1.1610968010709708e-17,0.03987449227676964,299.5286369396649,480.3034356828542,0.0010010010010010001
1000.0,0.03340484983513244,100.0,0.2998284654050703,0.5819093590152307,0.6203579130972997,0.07109572559610171,1.4949524421588063,0.047577691788680675,1.1610968010709708e-17,0.053011799510526446,299.5286369396649,581.3274496562162,0.0010010010010009997
1000.0,0.03340484983513244,200.0,0.2998284654050703,0.5872583834915976,0.6334082443602091,0.07109572559610171,1.4902184825018459,0.04772870084752519,1.1610968010709708e-17,0.0598032808353959,299.5286369396649,586.6711251081072,0.001001001001000999
1000.0,0.03340484983513244,500.0,0.2998284654050705,0.5533973222954481,0.6443560561652535,0.0710957255961017,1.4946831459453753,0.047586813959832774,1.1610968010709708e-17,0.05121949918174035,299.5286369396649,552.8439249731524,0.0010010010010010014
1000.0,0.03340484983513244,1000.0,0.2998284654050705,0.562096065306426,0.6323190097434406,0.0710957255961017,1.4986249454768308,0.047467289441316146,1.1610968010709708e-17,0.04987260866507123,299.5286369396649,561.5339692411201,0.0010010010010010001
1000.0,0.0517947467923121,100.0,0.2998284654050703,0.8093268135154155,0.43567743972872264,0.07109572559610171,2.316256806426783,0.030712145864395145,1.1610968010709708e-17,0.06923587228355454,299.5286369396649,808.5174867019002,0.0010010010010010008
1000.0,0.0517947467923121,200.0,0.2998284654050703,0.7686834765465593,0.4572964073663352,0.07109572559610171,2.319678643461797,0.03066816259693093,1.1610968010709708e-17,0.07047402472132153,299.5286369396649,767.9147930700143,0.001001001001000999
1000.0,0.0517947467923121,500.0,0.2998284654050705,0.7836125141410446,0.4432193096889908,0.0710957255961017,2.319619318981525,0.03066455778278777,1.1610968010709708e-17,0.06417679349340091,299.5286369396649,782.8289016269036,0.001001001001001001
1000.0,0.0517947467923121,1000.0,0.2998284654050705,0.7365591408012966,0.49901429960833515,0.0710957255961017,2.31386233258043,0.03073979947422987,1.1610968010709708e-17,0.0761645052359731,299.5286369396649,735.8225816604962,0.0010010010010009997
1000.0,0.08030857221391513,100.0,0.2998284654050703,1.1118717995713454,0.31609294975276625,0.07109572559610171,3.603688317393684,0.01973633047518272,1.1610968010709708e-17,0.0960578013402789,299.5286369396649,1110.7599277717748,0.0010010010010010003
1000.0,0.08030857221391513,200.0,0.2998284654050703,1.143045346036684,0.30381342896717917,0.07109572559610171,3.5786567492077315,0.019874448667188217,1.1610968010709708e-17,0.09610953359882071,299.5286369396649,1141.9023006906493,0.0010010010010009993
1000.0,0.08030857221391513,500.0,0.2998284654050705,1.1697802539530036,0.29838690881933966,0.0710957255961017,3.5859974141154334,0.019835832630683437,1.1610968010709708e-17,0.10052666099731951,299.5286369396649,1168.6104736990535,0.0010010010010009984
1000.0,0.08030857221391513,1000.0,0.2998284654050705,1.159738979892557,0.3049763777961225,0.0710957255961017,3.5954577119500972,0.01978252295879553,1.1610968010709708e-17,0.1037193545451125,299.5286369396649,1158.579240912666,0.0010010010010009997
1000.0,0.12451970847350319,100.0,0.2998284654050703,1.8273447479047404,0.19294241056964584,0.07109572559610171,5.557418076965142,0.012798024510284016,1.1610968010709708e-17,0.17680783843736506,299.5286369396649,1825.5174031568347,0.0010010010010010016
1000.0,0.12451970847350319,200.0,0.2998284654050703,1.7291230402793112,0.20209508478426672,0.07109572559610171,5.5677524663266915,0.012774383182430451,1.1610968010709708e-17,0.15324997450262662,299.5286369396649,1727.3939172390308,0.0010010010010010016
1000.0,0.12451970847350319,500.0,0.2998284654050705,1.671811267579376,0.21039006101705937,0.0710957255961017,5.5604846352315285,0.012792251456468798,1.1610968010709708e-17,0.15984579105126137,299.5286369396649,1670.1394563117979,0.0010010010010010001
1000.0,0.12451970847350319,1000.0,0.2998284654050705,1.5998277494388509,0.21363591895989958,0.0710957255961017,5.552541299707655,0.012810483491406188,1.1610968010709708e-17,0.13111894773118069,299.5286369396649,1598.2279216894135,0.0010010010010010001
1000.0,0.19306977288832497,100.0,0.2998284654050703,2.5321699113505733,0.13961194748074085,0.07109572559610171,8.650129147712258,0.008223930034481283,1.1610968010709708e-17,0.2170007202120423,299.5286369396649,2529.6377414392273,0.0010010010010009993
1000.0,0.19306977288832497,200.0,0.2998284654050703,2.8076160811175748,0.12497154484934982,0.07109572559610171,8.619285114253874,0.008252272128072627,1.1610968010709708e-17,0.25448994394512753,299.5286369396649,2804.8084650364653,0.0010010010010009982
1000.0,0.19306977288832497,500.0,0.2998284654050705,2.875596259390517,0.11983856538232061,0.0710957255961017,8.631180468376359,0.008241237797376996,1.1610968010709708e-17,0.22810989182395347,299.5286369396649,2872.7206631311406,0.001001001001000996
1000.0,0.19306977288832497,1000.0,0.2998284654050705,2.852951024459977,0.12579720430377697,0.0710957255961017,8.6413114870721,0.008231397641863682,1.1610968010709708e-17,0.2776420357238347,299.5286369396649,2850.0980734355235,0.0010010010010009988
1000.0,0.29935772947204903,100.0,0.2998284654050703,4.033563142579588,0.08829235187244872,0.07109572559610171,13.42316568415149,0.005299200559865702,1.1610968010709708e-17,0.38524591495614763,299.5286369396649,4029.529579437016,0.0010010010010009993
1000.0,0.29935772947204903,200.0,0.2998284654050703,4.151157646064775,0.08673716455965383,0.07109572559610171,13.423381076161093,0.005298802084540056,1.1610968010709708e-17,0.39054920246201014,299.5286369396649,4147.0064884187295,0.0010010010010009964
1000.0,0.29935772947204903,500.0,0.2998284654050705,4.31998543897333,0.0802418092152565,0.0710957255961017,13.381028402738355,0.005315050360256377,1.1610968010709708e-17,0.377657578552478,299.5286369396649,4315.665453534354,0.0010010010010010014
1000.0,0.29935772947204903,1000.0,0.2998284654050705,4.17311492369721,0.08766801683915552,0.0710957255961017,13.343864258211589,0.005330786879627426,1.1610968010709708e-17,0.41181965471758497,299.5286369396649,4168.941808773512,0.0010010010010010012
1000.0,0.46415888336127775,100.0,0.2998284654050703,7.069006196028869,0.048955651615431625,0.07109572559610171,20.806994369084265,0.0034188891723944963,1.1610968010709708e-17,0.600682128439217,299.5286369396649,7061.937189832848,0.001001001001001
1000.0,0.46415888336127775,200.0,0.2998284654050703,6.474651203159409,0.05285819368165798,0.07109572559610171,20.71555550636481,0.0034334945983885883,1.1610968010709708e-17,0.5049536837617653,299.5286369396649,6468.176551956254,0.0010010010010010003
1000.0,0.46415888336127775,500.0,0.2998284654050705,6.657841347508638,0.05111914402841654,0.0710957255961017,20.71410950144635,0.0034342440028202205,1.1610968010709708e-17,0.5044794117866338,299.5286369396649,6651.18350616114,0.0010010010010009995
1000.0,0.46415888336127775,1000.0,0.2998284654050705,6.66532970564839,0.052611122506782196,0.0710957255961017,20.71971208439247,0.0034329156354427105,1.1610968010709708e-17,0.5938705011837316,299.5286369396649,6658.664375942744,0.0010010010010010006
1000.0,0.7196856730011514,100.0,0.2998284654050703,10.337192266984445,0.03520816639772536,0.07109572559610171,32.20945350210193,0.002208377642739273,1.1610968010709708e-17,0.9817423367923035,299.5286369396649,10326.855074717458,0.0010010010010010012
1000.0,0.7196856730011514,200.0,0.2998284654050703,10.480075210378303,0.034035744491475325,0.07109572559610171,32.310714511736975,0.00220140439958055,1.1610968010709708e-17,0.9323169059522963,299.5286369396649,10469.595135167941,0.0010010010010009993
1000.0,0.7196856730011514,500.0,0.2998284654050705,10.049571614232736,0.03539762225499461,0.0710957255961017,32.11426272377362,0.002214622004193664,1.1610968010709708e-17,0.960497495958553,299.5286369396649,10039.522042618526,0.0010010010010009988
1000.0,0.7196856730011514,1000.0,0.2998284654050705,9.915243573315358,0.03580831010470591,0.0710957255961017,32.17172077046125,0.0022109954819229337,1.1610968010709708e-17,0.9190442853845395,299.5286369396649,9905.328329742073,0.001001001001000998
1000.0,1.115883992507748,100.0,0.2998284654050703,14.599998919408852,0.024168354406168175,0.07109572559610171,49.97742805689053,0.0014229936209502647,1.1610968010709708e-17,1.3508528768870687,299.5286369396649,14585.398920489493,0.0010010010010009975
1000.0,1.115883992507748,200.0,0.2998284654050703,16.30187744511704,0.021670966652013453,0.07109572559610171,49.803321207384315,0.0014282334860531026,1.1610968010709708e-17,1.5078033194119569,299.5286369396649,16285.57556767192,0.0010010010010010012
1000.0,1.115883992507748,500.0,0.2998284654050705,16.383270422425316,0.02129759985096077,0.0710957255961017,49.85584514678427,0.0014268183577404467,1.1610968010709708e-17,1.410064059194525,299.5286369396649,16366.887152002917,0.0010010010010009995
1000.0,1.115883992507748,1000.0,0.2998284654050705,15.189898978976062,0.0237111863082088,0.0710957255961017,49.860941625241004,0.0014267418001628314,1.1610968010709708e-17,1.6949530691325747,299.5286369396649,15174.709079997105,0.0010010010010009997
1000.0,1.7301957388458944,100.0,0.2998284654050703,24.72713790773059,0.014668761372679218,0.07109572559610171,77.40042853027622,0.0009190622575526368,1.1610968010709708e-17,2.430400845516394,299.5286369396649,24702.41076982291,0.001001001001000999
1000.0,1.7301957388458944,200.0,0.2998284654050703,24.093211943390138,0.014364810723786757,0.07109572559610171,77.49070590177405,0.0009180528031020899,1.1610968010709708e-17,2.0286338814912286,299.5286369396649,24069.118731446793,0.001001001001000999
1000.0,1.7301957388458944,500.0,0.2998284654050705,24.142795532957702,0.014661876534599199,0.0710957255961017,77.32289143297936,0.000919858881988962,1.1610968010709708e-17,2.322022480174492,299.5286369396649,24118.65273742476,0.0010010010010010003
1000.0,1.7301957388458944,1000.0,0.2998284654050705,23.58925642439666,0.015427363743711026,0.0710957255961017,77.19734937480007,0.0009215142637236038,1.1610968010709708e-17,2.1952554905899726,299.5286369396649,23565.66716797226,0.001001001001001001
1000.0,2.6826957952797246,100.0,0.2998284654050703,35.5217126513991,0.009632607813537275,0.07109572559610171,119.7857897812046,0.000593781289450296,1.1610968010709708e-17,2.7019828606292076,299.5286369396649,35486.19093874777,0.001001001001000999
1000.0,2.6826957952797246,200.0,0.2998284654050703,35.34844877229811,0.010106934058467566,0.07109572559610171,119.98969878254971,0.0005928094313692142,1.1610968010709708e-17,3.49540238540578,299.5286369396649,35313.10032352597,0.0010010010010009967
1000.0,2.6826957952797246,500.0,0.2998284654050705,41.62636308751536,0.008312047636102693,0.0710957255961017,119.6194777644735,0.0005947253857651966,1.1610968010709708e-17,3.411981909902919,299.5286369396649,41584.73672442785,0.0010010010010010008
1000.0,2.6826957952797246,1000.0,0.2998284654050705,35.87613080174257,0.009746069606121177,0.0710957255961017,119.61795680101966,0.000594689333621756,1.1610968010709708e-17,3.1368608816429457,299.5286369396649,35840.2546709409,0.001001001001000999
1000.0,4.159562163071843,100.0,0.2998284654050703,60.985732712665374,0.005770290685066185,0.07109572559610171,185.82934280183238,0.0003827762840736082,1.1610968010709708e-17,5.3406595334454865,299.5286369396649,60924.7469799529,0.001001001001000998
1000.0,4.159562163071843,200.0,0.2998284654050703,58.82599499499553,0.006086954219052694,0.07109572559610171,186.55435816400285,0.00038127600162546593,1.1610968010709708e-17,5.135611013328826,299.5286369396649,58767.169000000584,0.0010010010010010001
1000.0,4.159562163071843,500.0,0.2998284654050705,64.03576136377579,0.0058487333936427365,0.0710957255961017,185.43336745276977,0.00038356114389521295,1.1610968010709708e-17,7.169608075336148,299.5286369396649,63971.72560241199,0.0010010010010010014
1000.0,4.159562163071843,1000.0,0.2998284654050705,54.239314553819874,0.006387369015401203,0.0710957255961017,185.86666286671235,0.00038266572348900706,1.1610968010709708e-17,4.324136230422675,299.5286369396649,54185.07523926603,0.0010010010010010014
1000.0,6.449466771037621,100.0,0.2998284654050703,86.47097379606568,0.003912954084987596,0.07109572559610171,287.22873494509037,0.0002476754387484985,1.1610968010709708e-17,6.898161864813298,299.5286369396649,86384.5028222698,0.0010010010010009988
1000.0,6.449466771037621,200.0,0.2998284654050703,86.07722355479667,0.0039944260911501505,0.07109572559610171,287.3202782488397,0.00024756591865138087,1.1610968010709708e-17,7.328922314613433,299.5286369396649,85991.14633124176,0.0010010010010010023
1000.0,6.449466771037621,500.0,0.2998284654050705,94.28016221196042,0.0037030140739080604,0.0710957255961017,287.5884689314036,0.0002473140150170133,1.1610968010709708e-17,8.339169678259259,299.5286369396649,94185.8820497486,0.0010010010010009995
1000.0,6.449466771037621,1000.0,0.2998284654050705,85.9402209217542,0.003984888653981347,0.0710957255961017,288.8547920708309,0.000246246738062215,1.1610968010709708e-17,6.470660583638163,299.5286369396649,85854.28070083247,0.0010010010010010008
1000.0,10.0,100.0,0.2998284654050703,144.18024103940607,0.0025458012806260956,0.07109572559610171,447.54572810814113,0.00015894412348734578,1.1610968010709708e-17,14.933247211039644,299.5286369396649,144036.06079836664,0.0010010010010010012
1000.0,10.0,200.0,0.2998284654050703,141.78539409487615,0.002428986932386782,0.07109572559610171,448.9028140500853,0.0001584589292982445,1.1610968010709708e-17,11.543505737450479,299.5286369396649,141643.60870078122,0.0010010010010010014
1000.0,10.0,500.0,0.2998284654050705,143.10568137063385,0.002456267743961465,0.0710957255961017,447.16827829684786,0.00015905990475995467,1.1610968010709708e-17,12.33095555977142,299.5286369396649,142962.5756892633,0.0010010010010010003
1000.0,10.0,1000.0,0.2998284654050705,131.79196144682084,0.002623887361132879,0.0710957255961017,447.29502872589734,0.000159023140995781,1.1610968010709708e-17,10.070786524158262,299.5286369396649,131660.16948537406,0.0010010010010010006
